session_id,preflight_ts,postflight_ts,pre_engagement,pre_know,pre_do,pre_context,pre_clarity,pre_coherence,pre_signal,pre_density,pre_state,pre_change,pre_completion,pre_impact,pre_uncertainty,post_engagement,post_know,post_do,post_context,post_clarity,post_coherence,post_signal,post_density,post_state,post_change,post_completion,post_impact,post_uncertainty
ab46a949-52d7-4d6b-8bf9-093e431be4ca,1764873975.3753,1764874041.46081,0.75,0.6,0.7,0.8,0.75,0.8,0.7,0.6,0.7,0.65,0.5,0.7,0.4,0.85,0.9,0.88,0.9,0.95,0.9,0.85,0.75,0.88,0.8,0.85,0.8,0.1
536be253-d15e-4fef-945b-57144e37da56,1764874298.83229,1764874327.86167,0.55,0.4,0.5,0.6,0.55,0.6,0.5,0.4,0.5,0.45,0.3,0.5,0.6,0.75,0.8,0.78,0.8,0.85,0.8,0.75,0.65,0.78,0.7,0.75,0.7,0.2
d1f2f386-ae07-41c6-8660-337c5b009f7b,1764875111.50737,1764883834.40494,0.85,0.7,0.8,0.65,0.85,0.75,0.8,0.55,0.5,0.75,0.7,0.8,0.4,0.9,0.95,0.95,0.9,0.95,0.95,0.95,0.35,0.95,0.95,0.95,0.9,0.1
5da47959-198e-43be-8b2b-5150e16f6a8b,1764877257.60171,1764877377.62462,0.85,0.7,0.8,0.75,0.75,0.75,0.7,0.6,0.75,0.7,0.0,0.5,0.4,0.85,0.88,0.88,0.9,0.9,0.85,0.85,0.65,0.9,0.8,0.95,0.75,0.1
b1d028dc-5650-43a4-872b-7871da1789ba,1764877323.0141,1764877563.03393,0.8,0.65,0.75,0.7,0.85,0.8,0.8,0.55,0.65,0.75,0.0,0.45,0.45,0.85,0.82,0.82,0.85,0.92,0.85,0.85,0.6,0.85,0.8,0.9,0.7,0.15
815d2e9b-8992-4313-82b3-43cd3ee74b9d,1764880301.636,1764880421.66839,0.85,0.7,0.8,0.75,0.75,0.75,0.7,0.6,0.75,0.7,0.0,0.5,0.4,0.85,0.88,0.88,0.9,0.9,0.85,0.85,0.65,0.9,0.8,0.95,0.75,0.1
6bca68cc-cd59-48ac-941c-4b535be29639,1764880515.11679,1764880515.13663,0.85,0.7,0.8,0.75,0.75,0.75,0.7,0.6,0.75,0.7,0.0,0.5,0.4,0.85,0.88,0.88,0.9,0.9,0.85,0.85,0.65,0.9,0.8,0.95,0.75,0.1
7a934dda-53f5-4d26-a08d-3e9cb5390fed,1764880516.74752,1764880516.76758,0.88,0.75,0.82,0.8,0.8,0.78,0.75,0.58,0.78,0.72,0.0,0.52,0.35,0.88,0.9,0.9,0.92,0.92,0.88,0.88,0.6,0.92,0.82,0.92,0.78,0.08
62729977-4b25-430c-ab92-0d355260ee66,1764880534.26889,1764880534.2889,0.85,0.7,0.8,0.75,0.75,0.75,0.7,0.6,0.75,0.7,0.0,0.5,0.4,0.85,0.88,0.88,0.9,0.9,0.85,0.85,0.65,0.9,0.8,0.95,0.75,0.1
406ed13a-2ef3-47ad-b1c1-59c0a46e7015,1764880535.90976,1764880535.934,0.88,0.75,0.82,0.8,0.8,0.78,0.75,0.58,0.78,0.72,0.0,0.52,0.35,0.88,0.9,0.9,0.92,0.92,0.88,0.88,0.6,0.92,0.82,0.92,0.78,0.08
988e16e2-6a3f-45fa-9b66-8f0491a1f1f2,1764880559.63921,1764880559.65897,0.85,0.7,0.8,0.75,0.75,0.75,0.7,0.6,0.75,0.7,0.0,0.5,0.4,0.85,0.88,0.88,0.9,0.9,0.85,0.85,0.65,0.9,0.8,0.95,0.75,0.1
42710908-b564-4b23-a61e-c3e86a9f9098,1764880561.27885,1764880561.30451,0.88,0.75,0.82,0.8,0.8,0.78,0.75,0.58,0.78,0.72,0.0,0.52,0.35,0.88,0.9,0.9,0.92,0.92,0.88,0.88,0.6,0.92,0.82,0.92,0.78,0.08
b923f5fb-bd24-4937-975e-1b92526303e9,1764880562.92649,1764880562.94628,0.82,0.72,0.78,0.76,0.78,0.76,0.73,0.62,0.76,0.71,0.0,0.48,0.38,0.82,0.86,0.86,0.88,0.88,0.84,0.84,0.64,0.88,0.8,0.94,0.76,0.12
492627ec-34e3-4459-8fdb-55a7aea8fca6,1764880639.81949,1764880641.22099,0.85,0.7,0.8,0.75,0.75,0.75,0.7,0.6,0.75,0.7,0.5,0.5,0.75,0.85,0.88,0.8,0.75,0.75,0.75,0.7,0.6,0.75,0.7,0.5,0.5,0.15
63a5bdf6-3df9-4c8a-9f14-5949bb0edf3d,1764880655.35284,1764880657.56297,0.85,0.7,0.8,0.75,0.75,0.75,0.7,0.6,0.75,0.7,0.0,0.5,0.4,0.85,0.88,0.88,0.9,0.9,0.85,0.85,0.65,0.9,0.8,0.95,0.75,0.1
dc4380bf-5773-4223-af52-d3f21a2ffc2e,1764586128.0,1764587711.0,0.85,0.75,0.9,0.8,0.9,0.85,0.85,0.3,0.7,0.85,0.9,0.75,0.25,0.9,0.9,0.95,0.9,0.95,0.95,0.95,0.25,0.95,0.95,1.0,0.85,0.05
64d49d60-ecc7-4e04-9c73-e91fdd4eb186,1764605494.0,1764606273.0,0.85,0.65,0.8,0.75,0.9,0.85,0.8,0.5,0.7,0.75,0.8,0.7,0.35,0.95,0.9,0.95,0.95,1.0,0.95,0.95,0.3,0.95,0.95,1.0,0.9,0.05
d8e62559-3f7e-4806-b78e-f82968162594,1764678676.0,1764678795.0,0.9,0.85,0.9,0.8,0.85,0.9,0.85,0.6,0.8,0.85,0.85,0.9,0.25,0.95,0.95,0.95,0.9,0.95,0.95,0.9,0.5,0.9,0.9,0.95,0.95,0.15
21fe1710-5926-45a9-a447-64b5f0558a3c,1764679952.0,1764680272.0,0.95,0.85,0.9,0.95,0.95,0.95,0.95,0.35,0.9,0.9,0.9,0.85,0.15,0.95,0.95,0.95,0.95,0.95,0.95,0.95,0.25,0.95,0.95,0.95,0.9,0.1
9fc34143-7763-422c-90b8-b37a28ffab3f,1764772824.0,1764778900.0,0.85,0.7,0.75,0.65,0.85,0.9,0.8,0.55,0.6,0.8,0.75,0.7,0.5,0.95,0.95,0.95,0.9,0.95,0.95,0.95,0.4,0.95,0.95,0.95,0.95,0.1
1df1cc21-5e0b-4e39-a98f-cce5fd84be24,1764786318.0,1764789552.0,0.85,0.65,0.75,0.6,0.8,0.75,0.85,0.7,0.5,0.7,0.75,0.8,0.45,0.95,0.95,0.95,0.95,1.0,0.95,0.95,0.45,0.95,0.95,1.0,0.95,0.05
68ae41bb-7bfe-4aa4-bd8a-72a4d4cb1316,1764790195.0,1764790273.0,0.95,0.85,0.9,0.9,0.95,0.95,0.95,0.5,0.85,0.85,0.4,0.85,0.15,0.95,0.95,0.95,0.95,1.0,0.95,0.95,0.4,0.95,0.95,1.0,0.95,0.05
1da76aa9-d3eb-4ad4-998a-1e3051b2d612,1764845870.0,1764846130.0,0.9,0.7,0.8,0.9,0.95,0.9,0.85,0.6,0.8,0.85,0.8,0.75,0.3,0.95,0.85,0.9,0.95,0.95,0.95,0.9,0.5,0.95,0.95,0.8,0.85,0.15
d62468c6-cd97-4366-af2c-56d43d36c416,1764945851.26843,1764945851.88463,0.75,0.6,0.65,0.55,0.7,0.5,0.5,0.5,0.5,0.5,0.5,0.5,0.5,0.8,0.75,0.8,0.85,0.85,0.5,0.5,0.5,0.5,0.5,0.5,0.5,0.3
bc335429-ae01-48b2-8e72-c006b75c69ef,1764945866.02686,1764945866.40722,0.7,0.6,0.65,0.55,0.6,0.6,0.55,0.5,0.55,0.5,0.6,0.65,0.5,0.75,0.75,0.8,0.85,0.85,0.75,0.65,0.55,0.65,0.6,0.75,0.75,0.3
a73a6009-49c7-47b4-bc5a-183e9eff05d1,1764945958.05503,1764945958.66298,0.75,0.6,0.65,0.55,0.7,0.5,0.5,0.5,0.5,0.5,0.5,0.5,0.5,0.8,0.75,0.8,0.85,0.85,0.5,0.5,0.5,0.5,0.5,0.5,0.5,0.3
c71117ea-e583-44eb-9ba9-4567ab7d8122,1764962577.81626,1764962578.42225,0.75,0.6,0.65,0.55,0.7,0.5,0.5,0.5,0.5,0.5,0.5,0.5,0.5,0.8,0.75,0.8,0.85,0.85,0.5,0.5,0.5,0.5,0.5,0.5,0.5,0.3
21acedfe-4040-4a4b-bd9d-baa1f42fa059,1764962616.92093,1764962617.52415,0.75,0.6,0.65,0.55,0.7,0.5,0.5,0.5,0.5,0.5,0.5,0.5,0.5,0.8,0.75,0.8,0.85,0.85,0.5,0.5,0.5,0.5,0.5,0.5,0.5,0.3
f5ca01e1-58e0-4630-ae58-9ab699db50fd,1765036470.59992,1765038239.82541,0.9,0.75,0.8,0.85,0.8,0.75,0.7,0.65,0.7,0.75,0.7,0.75,0.3,0.95,0.95,0.95,0.95,0.95,0.95,0.9,0.8,0.95,0.95,1.0,0.9,0.05
e6191ae3-d15f-42bf-b3f9-fcb7a6a247c0,1765036915.32098,1765036915.69344,0.8,0.6,0.65,0.55,0.7,0.65,0.75,0.45,0.6,0.5,0.0,0.75,0.5,0.85,0.85,0.8,0.85,0.9,0.85,0.9,0.55,0.85,0.8,0.7,0.85,0.2
4630596b-831b-42e6-b4d6-dc2119b7af45,1765037207.31483,1765037207.69641,0.8,0.6,0.7,0.55,0.7,0.6,0.75,0.5,0.6,0.5,0.0,0.7,0.5,0.85,0.8,0.8,0.8,0.85,0.8,0.85,0.55,0.8,0.7,0.6,0.85,0.3
6f195c8e-c66a-46e0-9089-3a9db3c3338b,1765037462.0706,1765037462.79787,0.75,0.6,0.65,0.55,0.7,0.6,0.75,0.5,0.6,0.5,0.0,0.7,0.5,0.85,0.85,0.8,0.8,0.85,0.8,0.85,0.6,0.75,0.7,0.8,0.8,0.2
06e70c60-206b-4491-a6f6-e8ed74bd231b,1765043074.26256,1765044720.4693,0.95,0.8,0.85,0.9,0.85,0.8,0.7,0.6,0.7,0.75,0.0,0.85,0.4,0.95,0.9,0.9,0.95,0.95,0.95,0.9,0.8,0.95,0.9,0.95,0.9,0.15
f3a61cfc-9d4d-455e-b88e-b3f3358f6a10,1765044382.81208,1765044383.55949,0.8,0.65,0.7,0.6,0.7,0.65,0.7,0.45,0.55,0.5,0.0,0.7,0.45,0.85,0.8,0.8,0.8,0.85,0.8,0.8,0.5,0.75,0.7,0.75,0.8,0.2
ea65ec1b-c217-44c9-b902-e6fd439658e8,1765049903.17978,1765050533.32924,0.95,0.75,0.85,0.85,0.8,0.75,0.7,0.65,0.6,0.7,0.0,0.9,0.4,0.95,0.9,0.95,0.95,0.95,0.95,0.9,0.8,0.95,0.95,1.0,0.95,0.1
bf2615cb-57bb-484e-bbf5-59d7819ac20d,1765050128.08194,1765050128.09223,0.8,0.6,0.7,0.65,0.7,0.7,0.6,0.6,0.5,0.5,0.0,0.6,0.4,0.9,0.8,0.85,0.85,0.85,0.8,0.75,0.7,0.8,0.8,0.9,0.8,0.2
85fcfe6e-b869-44c5-94b7-600abc85bde3,1765050172.08554,1765050172.09575,0.8,0.6,0.7,0.65,0.7,0.7,0.6,0.6,0.5,0.5,0.0,0.6,0.4,0.9,0.8,0.85,0.85,0.85,0.8,0.75,0.7,0.8,0.8,0.9,0.8,0.2
551347b3-6135-45f9-875a-e08fd1e81da7,1765050183.07547,1765050183.08547,0.8,0.6,0.7,0.65,0.7,0.7,0.6,0.6,0.5,0.5,0.0,0.6,0.4,0.9,0.8,0.85,0.85,0.85,0.8,0.75,0.7,0.8,0.8,0.9,0.8,0.2
eca45993-7d50-4111-86e6-eaf375dbc19d,1765050234.22969,1765050234.25032,0.8,0.6,0.7,0.65,0.7,0.7,0.6,0.6,0.5,0.5,0.0,0.6,0.4,0.9,0.8,0.85,0.85,0.85,0.8,0.75,0.7,0.8,0.8,0.9,0.8,0.2
c139126f-d0d6-4c06-8d79-3adead8c3148,1765052593.91906,1765052967.03541,0.95,0.85,0.9,0.9,0.9,0.85,0.8,0.7,0.7,0.75,0.0,0.9,0.25,0.95,0.9,0.95,0.95,0.95,0.95,0.9,0.75,0.95,0.95,1.0,0.9,0.05
bcd31d19-40b2-4917-80ae-95778f80048b,1765121158.51789,1765121468.37941,0.95,0.9,0.9,0.95,0.9,0.9,0.85,0.8,0.75,0.8,0.0,0.95,0.2,0.95,0.95,0.95,0.95,0.95,0.95,0.95,0.85,0.95,0.95,1.0,0.95,0.05
d2503dab-3c1c-4343-bec2-edb28aa0dfd0,1765123153.85851,1765123154.57799,0.8,0.65,0.7,0.6,0.75,0.7,0.65,0.55,0.65,0.6,0.05,0.7,0.45,0.9,0.85,0.85,0.85,0.85,0.8,0.8,0.65,0.8,0.75,0.75,0.8,0.15
09264bcd-c5d5-4f43-94d6-ab79456b665c,1765123245.09108,1765123245.80131,0.8,0.65,0.7,0.6,0.75,0.7,0.65,0.55,0.65,0.6,0.05,0.7,0.45,0.9,0.85,0.85,0.85,0.85,0.8,0.8,0.65,0.8,0.75,0.75,0.8,0.15
33c3d4cb-0ba0-409c-ba5c-f8bfd5bee258,1765123904.3083,1765123950.1082,0.85,0.7,0.75,0.8,0.75,0.8,0.7,0.65,0.75,0.6,0.0,0.5,0.35,0.9,0.85,0.85,0.9,0.85,0.85,0.8,0.75,0.85,0.75,0.85,0.7,0.2
940480a5-72b9-46eb-9a26-52db7192791c,1765193865.3162,1765194112.2837,0.85,0.75,0.85,0.7,0.9,0.85,0.9,0.3,0.65,0.8,0.85,0.75,0.35,0.9,0.9,0.95,0.85,0.95,0.9,0.95,0.25,0.9,0.95,1.0,0.85,0.1
95b90aa9-b9ac-4e7b-9876-cceab0ac5182,1765194199.12402,1765195182.26779,0.85,0.7,0.75,0.8,0.75,0.7,0.65,0.6,0.75,0.7,0.1,0.7,0.35,0.95,0.9,0.92,0.95,0.95,0.92,0.9,0.88,0.95,0.9,0.98,0.92,0.08
6e87e70f-f44e-4559-b2a8-668d31316e5a,1765195070.26545,1765195642.84704,0.85,0.65,0.7,0.75,0.8,0.85,0.75,0.6,0.4,0.7,0.3,0.75,0.55,0.92,0.9,0.88,0.92,0.95,0.95,0.9,0.4,0.95,0.88,0.75,0.88,0.15
fe10d107-5d60-4615-8b5d-01c6dba4aa97,1765198439.1453,1765198563.11762,0.85,0.65,0.75,0.55,0.8,0.75,0.7,0.65,0.5,0.8,0.7,0.6,0.55,0.9,0.8,0.85,0.85,0.9,0.85,0.85,0.55,0.9,0.85,0.35,0.75,0.3
fcefcad0-6787-4644-a0ae-e579a70a6bf5,1765201704.9868,1765202035.55215,0.85,0.9,0.95,0.95,0.95,1.0,0.95,0.3,0.9,0.95,0.9,0.85,0.15,0.9,0.95,0.95,0.95,0.95,1.0,0.95,0.2,0.95,0.95,1.0,0.95,0.05
28d879d1-4d95-40f5-ba8e-2b3231f84d0d,1765205087.23438,1765285211.93401,0.9,0.8,0.85,0.85,0.85,0.8,0.75,0.7,0.85,0.75,0.05,0.8,0.25,0.95,0.93,0.95,0.95,0.93,0.92,0.9,0.85,0.95,0.88,0.95,0.9,0.07
35b7b739-a62e-4d17-8d29-b7c800ad1f28,1765286990.91162,1765287152.91549,0.85,0.25,0.4,0.3,0.8,0.7,0.85,0.6,0.2,0.5,0.4,0.6,0.85,0.95,0.8,0.85,0.85,0.95,0.9,0.9,0.4,0.85,0.9,0.85,0.8,0.2
3247538d-f8a0-4715-8b90-80141669b0e1,1765288499.75672,1765305983.50537,0.9,0.55,0.6,0.65,0.7,0.75,0.8,0.7,0.5,0.6,0.5,0.75,0.6,0.95,0.9,0.95,0.95,0.9,0.95,0.95,0.85,0.95,0.9,1.0,0.95,0.1
49f4486e-c475-401b-bb09-f6a7c83e034c,1765306108.95389,1765313036.70527,0.9,0.45,0.55,0.5,0.6,0.55,0.7,0.5,0.4,0.5,0.3,0.85,0.65,0.95,0.95,0.95,0.95,0.95,0.95,0.95,0.9,0.95,0.95,1.0,0.98,0.05
3978cc40-f6c3-44de-98c0-da9b8ce482a5,1765314040.74075,1765314105.86655,0.85,0.8,0.85,0.9,0.95,1.0,0.95,0.3,0.85,0.9,0.85,0.9,0.15,0.9,0.95,0.95,0.95,1.0,1.0,1.0,0.2,0.95,0.95,0.95,0.95,0.05
8a10f5b1-eb5c-4e1e-b05f-53d989808ade,1765364634.24104,1765364892.9243,0.85,0.92,0.88,0.8,0.9,0.88,0.85,0.3,0.92,0.88,0.85,0.8,0.25,0.92,0.95,0.93,0.92,0.94,0.91,0.9,0.2,0.94,0.91,0.93,0.88,0.15
test-session-123,1765368855.84756,1765393818.38185,0.85,0.7,0.75,0.8,0.85,0.75,0.8,0.4,0.7,0.65,0.6,0.7,0.2,0.85,0.7,0.75,0.8,0.82,0.78,0.8,0.72,0.75,0.85,0.9,0.88,0.2
e0a9b0e6-ea8a-422f-86c8-049df16170d7,1765369382.44426,1765369534.28006,0.85,0.4,0.5,0.45,0.85,0.65,0.75,0.5,0.4,0.55,0.3,0.7,0.5,0.92,0.9,0.82,0.88,0.9,0.75,0.85,0.28,0.82,0.78,0.45,0.85,0.28
69a70657-18c6-4b10-9269-3b9f7a5bd901,1765439529.98286,1765442081.4527,0.85,0.7,0.8,0.65,0.75,0.8,0.85,0.55,0.6,0.65,0.6,0.7,0.35,0.9,0.8,0.85,0.85,0.85,0.9,0.9,0.65,0.8,0.75,0.75,0.85,0.2
c18ed41d-8b88-4c98-80d4-c30edb5c4bc1,1765443054.78942,1765447376.07995,0.95,0.65,0.7,0.75,0.7,0.65,0.6,0.7,0.7,0.65,0.05,0.85,0.5,0.95,0.98,0.98,0.95,0.98,0.98,0.95,0.92,0.98,0.9,1.0,0.95,0.02
52ea071b-3667-470c-99d5-695abc925a92,1765444587.19699,1765444587.64192,0.8,0.5,0.5,0.5,0.6,0.6,0.6,0.6,0.5,0.5,0.3,0.4,0.6,0.9,0.9,0.9,0.9,0.9,0.9,0.9,0.9,0.9,0.8,0.9,0.9,0.2
52f6d4cc-bd6f-4360-9e2d-0ecfec1e0030,1765444606.37782,1765444606.81808,0.8,0.9,0.9,0.9,0.9,0.9,0.9,0.9,0.9,0.8,0.8,0.8,0.2,0.8,0.5,0.5,0.5,0.6,0.6,0.6,0.6,0.6,0.6,0.6,0.6,0.4
d0e5c233-8ca0-403d-a70c-12a158667b02,1765444672.20947,1765444673.04725,0.8,0.7,0.7,0.7,0.7,0.7,0.7,0.7,0.7,0.7,0.7,0.7,0.3,0.8,0.9,0.7,0.7,0.7,0.7,0.7,0.7,0.7,0.7,0.7,0.7,0.1
13dd1102-cdac-4d1f-95c0-e96b9ff5e343,1765445185.42656,1765445185.88583,0.8,0.9,0.9,0.9,0.9,0.9,0.9,0.9,0.9,0.8,0.8,0.8,0.2,0.8,0.5,0.5,0.5,0.6,0.6,0.6,0.6,0.6,0.6,0.6,0.6,0.4
b0f29289-72a7-41d7-bfda-17f234ff094f,1765448222.24899,1765448731.20563,0.85,0.7,0.7,0.75,0.75,0.75,0.7,0.7,0.75,0.7,0.3,0.6,0.4,0.9,0.95,0.95,0.9,0.95,0.95,0.9,0.85,0.95,0.85,1.0,0.95,0.05
c4557f4b-02c1-4d60-87f5-902ee804b487,1765448464.59942,1765454953.43778,0.85,0.65,0.7,0.6,0.9,0.75,0.8,0.55,0.4,0.7,0.75,0.65,0.5,0.95,0.9,0.9,0.85,0.95,0.9,0.9,0.45,0.95,0.9,0.7,0.85,0.2
2594b3d8-ef08-4344-812f-71fcaea09c9f,1765449023.98803,1765449172.46673,0.85,0.8,0.8,0.85,0.8,0.8,0.75,0.75,0.8,0.75,0.3,0.7,0.35,0.95,0.98,0.98,0.95,0.98,0.98,0.95,0.92,0.98,0.9,1.0,0.95,0.02
92ed7948-16a8-4eef-901e-7b02b95b1440,1765449584.00882,1765540277.21691,0.9,0.75,0.75,0.8,0.8,0.8,0.75,0.75,0.8,0.75,0.2,0.8,0.4,0.98,0.95,0.95,0.95,0.95,0.95,0.95,0.92,0.98,0.92,0.95,0.98,0.08
6b3749fd-0202-4a4e-837c-fba29c1b0cba,1765540689.06751,1765540797.09761,0.8,0.6,0.55,0.7,0.65,0.7,0.5,0.6,0.65,0.4,0.2,0.75,0.65,0.85,0.95,0.9,0.85,0.9,0.9,0.85,0.8,0.9,0.85,1.0,0.9,0.15
c3174883-172b-4a2b-a760-917a7082d2cd,1765541425.39462,1765541640.76199,0.85,0.5,0.65,0.7,0.65,0.55,0.4,0.65,0.6,0.5,0.15,0.85,0.7,0.9,0.95,0.9,0.9,0.95,0.95,0.9,0.85,0.95,0.9,1.0,0.95,0.1
ebf6614d-a524-4acc-8fd4-4bfa6ca7c97d,1765541950.77475,1765542100.12843,0.85,0.55,0.7,0.75,0.7,0.6,0.5,0.65,0.7,0.6,0.1,0.9,0.65,0.9,0.95,0.9,0.9,0.95,0.95,0.95,0.9,0.95,0.85,1.0,0.95,0.1
8d0efa1f-66b0-40b0-9508-ed0808877fc9,1765542321.70945,1765542435.14928,0.9,0.35,0.6,0.5,0.55,0.5,0.3,0.5,0.65,0.4,0.05,0.85,0.75,0.95,0.95,0.85,0.9,0.95,0.95,0.95,0.9,0.9,0.7,1.0,0.9,0.15
4299420e-b7f7-43ca-932d-95652501bc68,1765543485.59556,1765543944.55195,0.9,0.4,0.65,0.6,0.65,0.5,0.35,0.7,0.65,0.55,0.05,0.9,0.7,0.95,0.95,0.85,0.95,0.95,0.95,0.9,0.85,0.9,0.8,1.0,0.95,0.1
b1fbee00-8bf0-4fd4-beaa-665252797607,1765544451.01109,1765544748.05315,0.95,0.6,0.75,0.7,0.65,0.7,0.65,0.7,0.75,0.65,0.1,0.9,0.6,0.95,0.95,0.9,0.95,0.95,0.95,0.9,0.85,0.95,0.9,1.0,0.95,0.1
e42d533e-63d0-49b9-a450-e7a7687cfe7f,1765560676.65102,1765560811.59777,0.95,0.85,0.9,0.7,0.95,1.0,0.9,0.35,0.65,0.85,0.9,0.8,0.25,0.95,0.95,0.95,0.9,0.95,1.0,0.95,0.3,0.9,0.95,0.95,0.9,0.1
d5e6b646-fd3b-4645-8664-dabb310c994c,1765561160.11108,1765561825.17212,0.95,0.8,0.85,0.65,0.9,1.0,0.9,0.45,0.7,0.8,0.85,0.75,0.35,0.9,0.85,0.9,0.85,0.9,0.85,0.85,0.8,0.9,0.85,0.9,0.85,0.1
eca693cc-8c6d-4d6b-b7cd-2b85e3e13278,1765562338.08201,1765562422.91802,0.85,0.4,0.75,0.6,0.9,0.8,0.85,0.3,0.5,0.7,0.75,0.6,0.5,0.9,0.9,0.95,0.9,0.95,0.9,0.95,0.2,0.95,0.9,1.0,0.8,0.05
381d8c3b-c7da-4aae-8fc9-5c522e3ca2e6,1765562705.03287,1765562900.7513,0.9,0.85,0.95,0.85,0.95,0.9,0.9,0.25,0.85,0.95,0.9,0.7,0.15,0.95,0.95,0.9,1.0,1.0,0.95,1.0,0.15,1.0,0.9,1.0,0.8,0.05
80c4330a-7331-4d88-bf65-13be655bcbbe,1765563501.99608,1765563583.42472,0.9,0.8,0.85,0.85,0.9,0.95,0.9,0.35,0.9,0.85,0.8,0.85,0.25,0.95,0.95,0.95,1.0,1.0,1.0,1.0,0.2,1.0,0.95,1.0,0.9,0.05
0bcf96d8-ae03-4610-84b7-3ea8105ecc3e,1765563944.66282,1765564047.68296,0.9,0.85,0.9,0.9,0.95,0.95,0.95,0.3,0.9,0.9,0.85,0.85,0.2,0.95,0.95,0.95,1.0,1.0,1.0,1.0,0.25,1.0,0.95,1.0,0.9,0.05
d9b516c0-3fe5-4da8-91d6-4b57b4001e5b,1765564289.72544,1765564555.27993,0.9,0.9,0.95,0.95,1.0,1.0,1.0,0.25,0.95,0.95,0.9,0.9,0.15,0.9,0.85,0.8,0.95,0.95,0.95,0.95,0.3,0.9,0.75,0.75,0.85,0.3
70c11838-c3dd-472b-b7f9-188be2672d5d,1765564777.03619,1765564871.83474,0.95,0.9,0.95,1.0,1.0,1.0,1.0,0.3,0.95,0.95,0.9,0.95,0.1,1.0,0.95,1.0,1.0,1.0,1.0,1.0,0.2,1.0,1.0,1.0,1.0,0.05
af02552b-a894-430a-8f1d-ed0d6000bd87,1765565220.54709,1765565271.10209,0.85,0.9,0.95,0.8,0.95,0.9,0.9,0.2,0.85,0.9,0.95,0.7,0.15,0.9,0.95,0.95,0.9,0.95,0.95,0.95,0.15,0.95,0.95,0.95,0.8,0.1
e7ef56ac-162d-4a32-995b-6e8b9fea055b,1765567002.24919,1765567147.27865,0.9,0.85,0.9,0.85,0.95,0.9,0.9,0.25,0.9,0.95,0.9,0.75,0.15,0.95,0.95,0.95,0.95,0.95,0.95,0.95,0.2,0.95,0.95,0.75,0.85,0.1
LATEST,1765572077.72043,1765573060.49276,0.85,0.65,0.8,0.55,0.75,0.9,0.7,0.6,0.7,0.75,0.65,0.8,0.55,0.95,0.9,0.95,0.9,0.95,0.95,0.95,0.3,0.9,0.95,0.95,0.9,0.15
98527a63-349b-4302-8917-c881e06ae8db,1765638899.05399,1765639144.64231,0.85,0.5,0.5,0.5,0.5,0.5,0.5,0.5,0.5,0.5,0.5,0.5,0.75,0.85,0.5,0.5,0.5,0.5,0.5,0.5,0.5,0.5,0.5,0.5,0.5,0.5
6027f02d-7112-41c0-ad22-7b402ce80f01,1765642583.27785,1765642752.72787,0.9,0.5,0.5,0.5,0.5,0.5,0.5,0.5,0.5,0.5,0.5,0.5,0.8,0.9,0.5,0.5,0.5,0.5,0.5,0.5,0.5,0.5,0.5,0.5,0.5,0.45
5e22164f-b7a9-42cf-be0b-39e8376c73bb,1765652786.58936,1765653885.45686,0.95,0.5,0.5,0.5,0.5,0.5,0.5,0.5,0.5,0.5,0.5,0.5,0.85,0.95,0.5,0.5,0.5,0.5,0.5,0.5,0.5,0.5,0.5,0.5,0.5,0.35
895bf072-d348-47de-afa8-c73f692616cd,1765741214.39988,1765741427.76077,0.85,0.7,0.75,0.8,0.9,0.85,0.8,0.3,0.75,0.7,0.65,0.7,0.35,0.9,0.85,0.85,0.9,0.9,0.9,0.85,0.2,0.85,0.8,0.5,0.8,0.2
6ef91f75-fc74-4212-8d24-e7c060d1586f,1765742774.46961,1765742784.04917,0.8,0.7,0.7,0.75,0.85,0.8,0.8,0.3,0.75,0.7,0.6,0.7,0.4,0.9,0.85,0.85,0.85,0.9,0.85,0.85,0.2,0.85,0.8,0.8,0.8,0.25
8f343a8e-f1b3-44ba-8f8b-53a5cc3dd6ee,1765831868.67984,1765833284.24339,0.95,0.5,0.85,0.4,0.7,0.8,0.6,0.7,0.8,0.9,0.7,0.8,0.7,0.95,0.8,0.95,0.75,0.85,0.9,0.9,0.5,0.9,0.95,1.0,0.95,0.4
f1476bd6-1311-4c56-8b5d-5b64f935bcb2,1765833970.65065,1765834165.23738,0.95,0.3,0.9,0.4,0.9,0.7,0.9,0.3,0.7,0.9,0.8,0.85,0.8,0.95,0.95,0.95,0.9,0.98,0.95,0.98,0.3,0.95,0.95,1.0,0.95,0.05
bc9f14e4-04a7-4e92-b9a1-7ae9e90249ce,1765892718.27371,1765893006.40391,0.95,0.8,0.85,0.75,0.9,0.85,0.85,0.4,0.7,0.8,0.85,0.8,0.3,0.95,0.9,0.95,0.85,0.95,0.9,0.9,0.3,0.9,0.95,1.0,0.9,0.1
bb8e65d8-cf89-4e07-9f2d-05b9c6de13b7,1766064761.2516,1766065066.43127,0.95,0.5,0.5,0.5,0.5,0.5,0.5,0.5,0.5,0.5,0.5,0.5,0.25,1.0,0.5,0.5,0.5,0.5,0.5,0.5,0.5,0.5,0.5,0.5,0.5,0.05
23002c95-6582-4d45-88b1-e15c6efd1a33,1766078265.28825,1766080549.08212,0.9,0.5,0.5,0.5,0.5,0.5,0.5,0.5,0.5,0.5,0.5,0.5,0.2,1.0,0.5,0.5,0.5,0.5,0.5,0.5,0.5,0.5,0.5,0.5,0.5,0.05
89773382-9ffa-46c8-a644-3de6fc87e32b,1766082916.99232,1766083099.14698,0.9,0.5,0.5,0.5,0.5,0.5,0.5,0.5,0.5,0.5,0.5,0.5,0.55,0.9,0.5,0.5,0.5,0.5,0.5,0.5,0.5,0.5,0.5,0.5,0.5,0.25
649849c5-8199-43c6-abce-0426fd8cd464,1766145409.96426,1766145780.13124,0.85,0.5,0.5,0.5,0.5,0.5,0.5,0.5,0.5,0.5,0.5,0.5,0.55,0.95,0.5,0.5,0.5,0.5,0.5,0.5,0.5,0.5,0.5,0.5,0.5,0.15
fcb9408f-a67e-4320-97b3-7ab5d4396a79,1766153373.25202,1766153522.41321,0.9,0.5,0.5,0.5,0.5,0.5,0.5,0.5,0.5,0.5,0.5,0.5,0.35,0.95,0.5,0.5,0.5,0.5,0.5,0.5,0.5,0.5,0.5,0.5,0.5,0.1
d8d6fa50-149c-4620-a9fc-9c04b79ca49a,1766170735.08325,1766170855.33848,0.9,0.5,0.7,0.65,0.6,0.55,0.5,0.4,0.2,0.85,0.0,0.8,0.75,0.9,0.85,0.8,0.9,0.9,0.85,0.85,0.7,0.95,0.9,0.95,0.85,0.25
951d3ccd-ee0f-4331-a9f4-1f55d52f271a,1766172350.65709,1766172584.64863,0.95,0.75,0.85,0.8,0.9,0.85,0.8,0.6,0.3,0.9,0.0,0.85,0.4,0.95,0.95,0.95,0.9,0.95,0.95,0.9,0.75,0.95,0.95,1.0,0.95,0.1
b3139518-3b96-4c6b-984b-d8320a519a07,1766223624.71964,1766228470.2744,0.75,0.5,0.5,0.5,0.5,0.5,0.5,0.5,0.5,0.5,0.5,0.5,0.35,0.95,0.5,0.5,0.5,0.5,0.5,0.5,0.5,0.5,0.5,0.5,0.5,0.08
f07338cd-1694-454c-85b3-c984e3a0f83d,1766225331.38709,1766226891.81087,0.9,0.85,0.9,0.75,0.85,0.8,0.85,0.7,0.8,0.85,0.0,0.75,0.35,0.9,0.5,0.5,0.5,0.5,0.5,0.5,0.5,0.5,0.5,0.5,0.5,0.15
81a9dfd3,1766254228.58959,1766254171.11681,0.85,0.5,0.5,0.5,0.5,0.5,0.5,0.5,0.5,0.5,0.5,0.5,0.3,0.8,0.9,0.5,0.5,0.85,0.5,0.5,0.5,0.5,0.5,0.5,0.5,0.2
5df6f334-09c7-4f07-bf1c-b135584df0e0,1766314027.5939,1766314195.119,0.8,0.5,0.5,0.5,0.5,0.5,0.5,0.5,0.5,0.5,0.5,0.5,0.35,0.9,0.5,0.5,0.5,0.5,0.5,0.5,0.5,0.5,0.5,0.5,0.5,0.08
0554f1d4-88dd-4010-b82a-119535b9bcf8,1766317251.01281,1766319256.05027,0.85,0.5,0.5,0.5,0.5,0.5,0.5,0.5,0.5,0.5,0.5,0.5,0.4,0.95,0.5,0.5,0.5,0.5,0.5,0.5,0.5,0.5,0.5,0.5,0.5,0.05
6c7ae62d-9647-40ca-97f0-85402ca07b83,1766320819.55777,1766322544.61664,0.9,0.5,0.5,0.5,0.5,0.5,0.5,0.5,0.5,0.5,0.5,0.5,0.2,0.95,0.5,0.5,0.5,0.5,0.5,0.5,0.5,0.5,0.5,0.5,0.5,0.05
45a42346-364e-467c-9b2f-d15a8de0c52c,1766327063.13377,1766327564.3854,0.85,0.5,0.5,0.5,0.5,0.5,0.5,0.5,0.5,0.5,0.5,0.5,0.35,0.9,0.5,0.5,0.5,0.5,0.5,0.5,0.5,0.5,0.5,0.5,0.5,0.2
1e9530e5-0757-4f02-9738-cdd58a5272cb,1766419120.75083,1766418891.93213,0.85,0.5,0.5,0.5,0.5,0.5,0.5,0.5,0.5,0.5,0.5,0.5,0.3,0.9,0.5,0.5,0.5,0.5,0.5,0.5,0.5,0.5,0.5,0.5,0.5,0.1
83b07c43-f2cb-4e5f-a3d6-c1d0dfcbe49b,1766426662.09095,1766426783.4731,0.9,0.85,0.88,0.9,0.85,0.88,0.82,0.78,0.85,0.8,0.15,0.7,0.2,0.95,0.9,0.92,0.95,0.95,0.95,0.9,0.88,0.95,0.9,1.0,0.85,0.05
5c25d3e3-38df-4678-a2fb-8f7b3c27c3f7,1766440388.14815,1766440412.20907,0.5,0.8,0.8,0.8,0.9,0.8,0.8,0.4,0.8,0.8,0.8,0.7,0.5,0.5,0.9,0.9,0.9,0.95,0.9,0.9,0.3,0.9,0.9,0.95,0.85,0.5
b6875d42-44ab-46ff-a286-8970d0f4ce5c,1766603150.04115,1766603378.13257,0.9,0.8,0.85,0.9,0.85,0.9,0.8,0.75,0.8,0.7,0.0,0.75,0.2,0.95,0.95,0.95,0.95,0.95,0.95,0.9,0.85,0.95,0.9,1.0,0.9,0.05
ad1c041c-545f-4e4e-b058-f8eeed570066,1766604041.25081,1766604193.20519,0.9,0.75,0.8,0.85,0.8,0.85,0.75,0.7,0.7,0.6,0.0,0.7,0.3,0.95,0.9,0.9,0.95,0.95,0.95,0.9,0.85,0.95,0.9,0.75,0.9,0.1
5af37170-d6f3-4c4c-936c-940959419275,1766604351.17911,1766604468.62347,0.9,0.85,0.85,0.9,0.9,0.9,0.85,0.8,0.85,0.75,0.0,0.8,0.15,0.95,0.95,0.95,0.95,0.95,0.95,0.9,0.85,0.95,0.9,1.0,0.9,0.05
2226d0d1-9c50-49e2-bf1d-4a1fb80a6740,1766604701.39875,1766604834.63767,0.9,0.75,0.8,0.85,0.8,0.85,0.75,0.7,0.75,0.65,0.0,0.8,0.3,0.95,0.9,0.95,0.95,0.95,0.95,0.9,0.85,0.95,0.9,1.0,0.95,0.05
16d7176a-142d-48b9-b12b-dd9a820d68f3,1766605056.13844,1766605237.02507,0.95,0.8,0.85,0.9,0.85,0.9,0.85,0.8,0.85,0.75,0.0,0.8,0.2,0.95,0.95,0.95,0.95,0.95,0.95,0.95,0.9,0.95,0.9,1.0,0.95,0.05
3c975414-1d74-4c3c-b026-86e875227eda,1766605613.13013,1766605845.23762,0.95,0.8,0.85,0.9,0.85,0.9,0.85,0.8,0.85,0.75,0.0,0.85,0.2,0.95,0.95,0.95,0.95,0.95,0.95,0.95,0.9,0.95,0.9,1.0,0.95,0.05
94058d00-f53a-47ff-ab27-ff86ff005fe6,1766605985.08355,1766606138.87783,0.95,0.9,0.9,0.95,0.9,0.95,0.9,0.85,0.9,0.8,0.0,0.9,0.1,0.95,0.95,0.95,0.95,0.95,0.95,0.95,0.9,0.95,0.9,1.0,0.95,0.05
fbf6c2a7-e669-4169-83ec-1bcd73d87f4b,1766606699.2499,1766606836.23578,0.95,0.85,0.9,0.9,0.9,0.9,0.85,0.8,0.9,0.8,0.0,0.9,0.15,0.95,0.95,0.95,0.95,0.95,0.95,0.95,0.9,0.95,0.9,1.0,0.95,0.05
8d9602e4-7885-40bf-94aa-6d8fab42b7cb,1766607054.63002,1766607196.23319,0.9,0.8,0.85,0.9,0.85,0.9,0.8,0.75,0.85,0.75,0.0,0.85,0.25,0.95,0.9,0.9,0.95,0.95,0.95,0.9,0.85,0.95,0.85,1.0,0.9,0.05
44bbc9f5-7873-4f68-b121-a62348ec6371,1766607364.3832,1766607465.71178,0.9,0.85,0.9,0.9,0.9,0.9,0.85,0.8,0.9,0.8,0.0,0.85,0.2,0.95,0.95,0.95,0.95,0.95,0.95,0.95,0.9,0.95,0.9,1.0,0.95,0.05
527dcd06-3aea-41bd-a504-5c75d6c59eae,1766607580.87813,1766607681.97019,0.9,0.85,0.8,0.9,0.9,0.9,0.85,0.8,0.85,0.7,0.0,0.85,0.2,0.95,0.95,0.9,0.95,0.95,0.95,0.95,0.9,0.95,0.9,1.0,0.9,0.05
1a93332d-b92f-49a6-a843-c183e1bf6c40,1766657891.56684,1766658575.92844,0.4,0.3,0.4,0.2,0.5,0.5,0.4,0.3,0.3,0.2,0.0,0.2,0.75,0.9,0.85,0.9,0.8,0.9,0.9,0.85,0.8,0.9,0.9,0.95,0.85,0.15
87feb8e1-895f-4dee-973c-1312cd44476a,1766658868.20778,1766766388.39565,0.7,0.6,0.65,0.7,0.65,0.7,0.6,0.65,0.6,0.5,0.0,0.5,0.5,0.5,0.5,0.5,0.5,0.5,0.5,0.5,0.5,0.5,0.5,0.5,0.5,0.5
dc5f9b9d-4281-4ecf-91ea-a59b5f2585e8,1766662819.40339,1766663047.86998,0.85,0.3,0.85,0.4,0.7,0.75,0.6,0.4,0.2,0.9,0.1,0.8,0.7,0.9,0.75,0.85,0.8,0.9,0.9,0.9,0.7,0.95,0.9,0.95,0.9,0.25
6c1d2387-f659-4546-8c1b-b5d562e60a03,1766679189.82459,1766695862.53995,0.8,0.7,0.8,0.9,0.8,0.8,0.7,0.6,0.7,0.7,0.8,0.7,0.3,0.5,0.5,0.5,0.5,0.5,0.5,0.5,0.5,0.5,0.5,0.5,0.5,0.5
b197fbe6-dd55-4c00-a924-36ad1ef095d3,1766694746.19208,1766696059.10626,0.85,0.75,0.85,0.9,0.8,0.85,0.75,0.6,0.4,0.7,0.35,0.8,0.3,0.5,0.5,0.5,0.5,0.5,0.5,0.5,0.5,0.5,0.5,0.5,0.5,0.5
26f17de1-76fb-4992-aefc-52a218a5a2ba,1766771904.91948,1766833230.72667,0.8,0.65,0.75,0.55,0.7,0.65,0.6,0.5,0.4,0.7,0.6,0.55,0.75,0.95,0.85,0.9,0.8,0.85,0.9,0.75,0.8,0.85,0.75,0.95,0.9,0.15
4b1841bf-cb51-49f4-820d-21f217776d7b,1766835041.50432,1766845162.99693,0.9,0.75,0.8,0.85,0.9,0.85,0.85,0.6,0.7,0.4,0.05,0.85,0.25,0.95,0.95,0.98,0.9,0.95,0.95,0.95,0.9,0.95,0.9,1.0,0.98,0.05
b2f43b05-0d4d-4190-9166-94cd76d1e164,1766835253.61343,1766836769.58392,0.85,0.7,0.8,0.65,0.75,0.7,0.7,0.55,0.4,0.7,0.4,0.5,0.65,0.95,0.85,0.9,0.8,0.9,0.9,0.85,0.75,0.98,0.9,0.95,0.98,0.25
694cab0a-f4c5-43e7-90d4-1b212c996c8a,1766839394.15265,1766841137.41037,0.9,0.8,0.85,0.75,0.85,0.8,0.75,0.65,0.5,0.8,0.5,0.65,0.45,0.95,0.85,0.9,0.85,0.9,0.9,0.85,0.75,0.95,0.9,0.9,0.95,0.2
test-session,1766839607.21719,1767888474.9318,0.5,0.8,0.9,0.7,0.5,0.5,0.5,0.5,0.5,0.5,0.5,0.5,0.3,0.5,0.9,0.5,0.5,0.5,0.5,0.5,0.5,0.5,0.5,0.5,0.5,0.5
cc702a9f-1152-4f99-9fc6-88bfebc22a6c,1766844998.76547,1766845167.94668,0.92,0.85,0.9,0.88,0.88,0.85,0.9,0.6,0.3,0.9,0.2,0.5,0.3,0.9,0.85,0.92,0.92,0.92,0.9,0.92,0.7,0.88,0.9,0.85,0.9,0.2
6d363111-5425-4a56-b063-c444900fc1f9,1766846844.35302,1766847038.74011,0.9,0.85,0.9,0.88,0.88,0.85,0.9,0.6,0.3,0.9,0.2,0.5,0.3,0.94,0.92,0.96,0.94,0.96,0.94,0.96,0.8,0.98,0.96,0.98,0.98,0.1
00c79084-562c-4e7c-aa4c-f6814807429c,1766848753.34668,1766849175.94563,0.92,0.85,0.9,0.88,0.9,0.88,0.92,0.7,0.3,0.9,0.2,0.5,0.25,0.95,0.9,0.98,0.94,0.96,0.95,0.98,0.8,0.92,0.96,0.98,0.98,0.1
2f4d3939-3ac8-43f6-9237-d356edde832e,1766850446.863,1766851302.14192,0.85,0.4,0.5,0.6,0.7,0.75,0.65,0.7,0.6,0.5,0.0,0.85,0.6,0.95,0.9,0.85,0.95,0.95,0.9,0.95,0.85,0.9,0.85,0.95,0.98,0.15
2ba8c105-27d5-4ad4-ac52-1422922e29ed,1766852013.39045,1766853834.66669,0.9,0.45,0.55,0.75,0.8,0.7,0.65,0.7,0.6,0.5,0.0,0.9,0.7,0.95,0.85,0.8,0.9,0.95,0.9,0.9,0.7,0.85,0.8,0.95,0.95,0.2
b2a43439-df3c-4a0f-98f3-4a68a0203d8a,1766854313.74899,1766855873.26725,0.85,0.65,0.7,0.8,0.75,0.7,0.65,0.4,0.7,0.6,0.2,0.85,0.5,0.95,0.9,0.85,0.9,0.9,0.85,0.8,0.3,0.9,0.85,0.95,1.0,0.1
011cc0a5-4b0b-49d6-986a-4a7668df9b52,1766873884.06806,1766924916.24815,0.9,0.4,0.6,0.5,0.8,0.7,0.5,0.5,0.5,0.2,0.1,0.6,0.7,0.95,0.9,0.9,0.9,0.9,0.9,0.9,0.8,0.9,0.95,1.0,0.9,0.1
e93cc1a8-1fd8-4c29-b1fa-e40833625162,1766874363.53246,1766875827.93466,0.9,0.8,0.5,0.5,0.5,0.5,0.5,0.5,0.5,0.5,0.5,0.5,0.2,0.95,0.95,0.5,0.5,0.5,0.5,0.5,0.5,0.5,0.5,0.5,0.5,0.05
34be540e-ef1d-4042-ab72-c446a3b54fcd,1766877798.57402,1766877803.40224,0.9,0.85,0.9,0.8,0.9,0.85,0.8,0.75,0.8,0.7,0.9,0.85,0.15,0.95,0.95,0.95,0.9,0.95,0.9,0.9,0.85,0.9,0.8,1.0,0.95,0.05
0944dc49-2099-4297-baa7-c20d0b0c4bc1,1766878931.70197,1766879292.2303,0.85,0.75,0.8,0.7,0.8,0.75,0.7,0.65,0.7,0.6,0.7,0.8,0.25,0.95,0.9,0.95,0.85,0.9,0.9,0.85,0.8,0.9,0.75,1.0,0.95,0.1
61a55f2a-3e54-4943-9ef5-f11741cc917e,1766927291.81103,1766927681.06172,0.9,0.85,0.9,0.8,0.9,0.85,0.8,0.75,0.8,0.7,0.8,0.85,0.15,0.95,0.9,0.95,0.9,0.95,0.9,0.9,0.85,0.9,0.8,1.0,0.95,0.05
967fdea4-e344-4439-bcaf-be0ced51bb9f,1766929823.41212,1766930914.12453,0.85,0.8,0.85,0.75,0.8,0.8,0.75,0.7,0.75,0.65,0.7,0.8,0.2,0.9,0.85,0.9,0.8,0.85,0.85,0.8,0.75,0.8,0.7,0.95,0.85,0.15
2cefa587-f712-49f3-a988-d7c97f01e333,1766938795.4465,1766943689.72045,0.8,0.65,0.75,0.55,0.7,0.7,0.65,0.5,0.4,0.8,0.6,0.65,0.7,0.9,0.9,0.9,0.9,0.95,0.95,0.9,0.65,0.95,0.95,1.0,0.95,0.2
52c3b63e-19d5-4a5c-be7b-db50e28fbe2e,1766939301.54523,1766940363.02547,0.85,0.7,0.65,0.8,0.75,0.8,0.7,0.6,0.7,0.5,0.2,0.8,0.3,0.95,0.9,0.85,0.95,0.9,0.95,0.9,0.8,0.9,0.7,1.0,0.95,0.1
d1d4263a-ab7c-4ca5-8fb0-99369ca27073,1766944027.11125,1766944155.36146,0.9,0.75,0.8,0.85,0.85,0.8,0.75,0.7,0.6,0.5,0.05,0.75,0.3,0.95,0.9,0.9,0.95,0.95,0.9,0.9,0.85,0.95,0.9,1.0,0.9,0.1
5529fb17-e5af-4b94-981c-eb1b098a5b8d,1766945146.10228,1766945205.25131,0.9,0.8,0.5,0.5,0.5,0.5,0.5,0.5,0.5,0.5,0.5,0.5,0.2,0.95,0.9,0.5,0.5,0.5,0.5,0.5,0.5,0.5,0.5,0.5,0.5,0.1
f096b0b1-11d2-49d7-a173-2d342621ff77,1766967374.29487,1766967919.50056,0.9,0.75,0.8,0.7,0.8,0.75,0.8,0.55,0.4,0.6,0.2,0.5,0.65,0.95,0.9,0.9,0.85,0.9,0.9,0.9,0.65,0.9,0.95,1.0,0.95,0.2
601ba986-3aa2-473c-a1ee-eb72831e7b89,1767007180.25588,1767007180.80455,0.85,0.65,0.8,0.55,0.7,0.65,0.75,0.5,0.1,0.85,0.75,0.8,0.6,0.9,0.8,0.85,0.7,0.85,0.8,0.85,0.65,0.85,0.9,0.9,0.85,0.25
49fd8d50-b78c-48f9-b574-6e70eceb9c33,1767007318.50673,1767007401.49357,0.9,0.8,0.85,0.7,0.85,0.8,0.85,0.6,0.15,0.85,0.8,0.85,0.3,0.95,0.85,0.9,0.75,0.9,0.85,0.9,0.7,0.9,0.9,0.95,0.9,0.15
bdd4016e-54d0-4a11-969f-2e042504e9df,1767007687.99975,1767007845.72024,0.85,0.8,0.85,0.7,0.8,0.75,0.8,0.6,0.1,0.85,0.75,0.85,0.4,0.9,0.9,0.9,0.85,0.9,0.85,0.9,0.75,0.95,0.9,0.95,0.9,0.1
85950095-2780-4456-8f01-dcdc90807359,1767008019.8496,1767090196.6234,0.9,0.9,0.85,0.85,0.85,0.85,0.85,0.7,0.1,0.85,0.8,0.9,0.25,0.95,0.92,0.88,0.9,0.9,0.9,0.9,0.75,0.9,0.88,0.9,0.95,0.15
d8dc3fb0-29dc-48f1-bdf5-5e851b610f3a,1767009006.00545,1767038959.6479,0.9,0.8,0.5,0.5,0.5,0.5,0.5,0.5,0.5,0.5,0.5,0.5,0.2,0.95,0.98,0.95,0.98,0.5,0.5,0.5,0.5,0.5,0.5,0.5,0.5,0.02
8c91c7dd-cfc9-41e4-ac2e-f05140be9014,1767038769.81819,1767047379.14197,0.9,0.85,0.9,0.8,0.9,0.85,0.8,0.7,0.8,0.5,0.0,0.3,0.3,0.98,0.9,0.85,0.95,0.98,0.95,0.95,0.95,0.95,0.85,1.0,1.0,0.15
e68eb6e9-30fc-4a51-b443-114064d0ac9b,1767048293.79635,1767048615.31668,0.95,0.7,0.75,0.8,0.9,0.85,0.85,0.75,0.7,0.6,0.0,0.7,0.35,0.98,0.9,0.95,0.9,0.95,0.95,0.9,0.85,0.95,0.9,0.95,0.95,0.1
491b1e75-b07a-46b5-aae0-388427a7796c,1767090544.21455,1767090705.46763,0.85,0.8,0.8,0.75,0.75,0.7,0.75,0.6,0.1,0.85,0.75,0.85,0.5,0.92,0.88,0.85,0.82,0.88,0.85,0.85,0.75,0.92,0.9,0.9,0.9,0.15
c5ebe086-e639-4b15-849f-cc516acc34f2,1767090860.51457,1767090957.41783,0.9,0.85,0.85,0.8,0.8,0.75,0.8,0.65,0.1,0.85,0.75,0.85,0.35,0.95,0.9,0.85,0.88,0.9,0.88,0.9,0.8,0.95,0.9,0.88,0.9,0.15
d855918b-6ef7-4e67-b891-2384e3f1e1d4,1767091055.53736,1767091177.3653,0.9,0.85,0.85,0.8,0.85,0.8,0.85,0.7,0.1,0.85,0.75,0.85,0.3,0.95,0.9,0.88,0.85,0.9,0.88,0.9,0.8,0.95,0.9,0.92,0.9,0.12
ba305436-e87b-4178-8d72-049751ebed6c,1767091365.35463,1767091392.19746,0.9,0.75,0.8,0.7,0.7,0.65,0.75,0.6,0.1,0.85,0.7,0.8,0.45,0.92,0.85,0.8,0.8,0.88,0.85,0.88,0.75,0.9,0.85,0.88,0.95,0.2
1cf2b8bd-a9ea-4a4d-87d7-9c364209a26b,1767091620.62285,1767091718.25007,0.95,0.85,0.85,0.82,0.88,0.85,0.88,0.75,0.1,0.9,0.75,0.9,0.25,0.95,0.88,0.87,0.85,0.92,0.9,0.92,0.82,0.95,0.92,0.92,0.95,0.12
d171aeed-75e7-46f4-b819-0e6fca97f548,1767092561.88852,1767092612.88573,0.9,0.85,0.85,0.82,0.85,0.8,0.85,0.7,0.1,0.85,0.75,0.85,0.3,0.92,0.87,0.86,0.83,0.9,0.85,0.9,0.75,0.95,0.88,0.92,0.9,0.15
007a4113-31c4-4f5f-a023-da5814616e65,1767092970.59998,1767093019.01769,0.9,0.85,0.85,0.8,0.85,0.8,0.85,0.7,0.1,0.85,0.75,0.85,0.3,0.95,0.9,0.88,0.85,0.92,0.88,0.92,0.8,0.95,0.9,0.95,0.95,0.12
1dedbdb0-2fc5-4a14-9e20-f790c2d2557a,1767093157.63426,1767093402.03148,0.95,0.75,0.85,0.7,0.75,0.7,0.75,0.6,0.1,0.9,0.7,0.9,0.45,0.98,0.9,0.92,0.88,0.95,0.92,0.95,0.85,0.95,0.95,0.98,0.95,0.08
d53ec1b9-7532-4889-8f3c-0d7b213f52c1,1767093726.00237,1767093812.13244,0.9,0.9,0.88,0.88,0.88,0.85,0.88,0.8,0.1,0.9,0.75,0.9,0.25,0.95,0.93,0.92,0.92,0.95,0.92,0.95,0.88,0.98,0.95,1.0,0.98,0.08
524deee5-f7dd-4ed1-bfde-dcdc563fe697,1767094624.46105,1767094670.048,0.9,0.85,0.85,0.82,0.8,0.75,0.8,0.7,0.1,0.85,0.7,0.85,0.4,0.92,0.93,0.88,0.9,0.92,0.9,0.92,0.85,0.95,0.9,0.95,0.92,0.12
523cf954-1c80-46af-a007-891a50315aba,1767094971.23965,1767095022.06498,0.9,0.88,0.85,0.85,0.75,0.7,0.8,0.65,0.1,0.85,0.7,0.85,0.5,0.92,0.92,0.88,0.9,0.9,0.88,0.9,0.82,0.95,0.9,0.95,0.92,0.15
6b57f32e-d9fb-4ad1-9311-3d43efb248cd,1767095161.94937,1767095303.12006,0.92,0.88,0.88,0.85,0.85,0.82,0.85,0.75,0.1,0.88,0.75,0.88,0.3,0.98,0.95,0.92,0.92,0.95,0.92,0.95,0.88,0.98,0.95,1.0,0.98,0.08
345c803b-f062-4a88-a937-54addf6a042c,1767097933.50148,1767098061.20428,0.8,0.65,0.85,0.7,0.75,0.7,0.75,0.6,0.4,0.75,0.5,0.4,0.85,0.85,0.8,0.9,0.8,0.85,0.82,0.85,0.75,0.75,0.85,0.8,0.75,0.35
c62c67cf-2124-4a3b-9ef6-bcd0af4ba4f0,1767098381.17485,1767100205.22078,0.8,0.5,0.7,0.3,0.7,0.6,0.5,0.4,0.3,0.3,0.1,0.3,0.6,0.95,0.95,0.95,0.95,0.98,0.95,0.95,0.92,1.0,1.0,1.0,0.98,0.02
e97f042f-11d7-4d75-bb9a-6e83225e282e,1767100777.90576,1767101003.94061,0.9,0.85,0.9,0.85,0.9,0.88,0.85,0.8,0.8,0.75,0.1,0.7,0.25,0.95,0.95,0.95,0.9,0.95,0.92,0.9,0.88,0.95,0.95,1.0,0.95,0.05
a72f97f2-a433-4101-800b-539dfcc3fdb5,1767100784.17085,1767100785.13396,0.8,0.7,0.85,0.75,0.8,0.75,0.8,0.65,0.5,0.8,0.6,0.5,0.7,0.85,0.8,0.9,0.8,0.85,0.82,0.85,0.75,0.75,0.85,0.8,0.75,0.35
1f29fb2d-8dd3-4853-9d38-14260a1bdc7e,1767101607.19762,1767101826.04399,0.9,0.9,0.9,0.85,0.9,0.88,0.88,0.85,0.85,0.75,0.1,0.75,0.2,0.95,0.95,0.95,0.95,0.95,0.95,0.92,0.9,0.98,0.95,1.0,0.98,0.02
4d427e83-2bea-473b-b790-7af8cc5dc48c,1767103746.65557,1767203777.35329,0.95,0.9,0.95,0.9,0.95,0.92,0.9,0.9,0.85,0.8,0.1,0.8,0.15,0.95,0.95,0.9,0.95,0.95,0.95,0.95,0.95,0.95,0.9,1.0,0.9,0.05
a6045f10-156d-4475-969d-6c41fba67b8d,1767108644.57362,1767111252.83983,0.9,0.65,0.5,0.5,0.5,0.5,0.5,0.5,0.5,0.5,0.5,0.5,0.35,0.95,0.92,0.88,0.95,0.93,0.94,0.92,0.9,0.85,0.7,0.98,0.9,0.12
21e5dc5e-3f13-439b-9fcd-9a27040f4f58,1767112249.17244,1767112721.66002,0.95,0.92,0.5,0.5,0.5,0.5,0.5,0.5,0.5,0.5,0.5,0.5,0.15,0.98,0.95,0.95,0.98,0.96,0.95,0.95,0.92,0.9,0.95,1.0,0.95,0.08
6332d455-0f90-4b74-ae02-a0d88c8945e3,1767113790.4853,1767113976.47526,0.95,0.85,0.5,0.5,0.5,0.5,0.5,0.5,0.5,0.5,0.5,0.5,0.2,0.95,0.92,0.9,0.95,0.93,0.94,0.92,0.88,0.85,0.8,0.95,0.9,0.12
0ba2510b-48da-4f00-9c2b-bb30393b53ed,1767114976.47734,1767115196.92468,0.95,0.9,0.5,0.5,0.5,0.5,0.5,0.5,0.5,0.5,0.5,0.5,0.12,0.98,0.95,0.95,0.96,0.95,0.96,0.94,0.85,0.9,0.95,0.98,0.95,0.08
90baebc3-43f1-41b4-8fc7-288b87f30c0a,1767120134.49438,1767121026.1644,0.85,0.65,0.55,0.7,0.6,0.5,0.5,0.5,0.5,0.5,0.15,0.9,0.4,0.9,0.85,0.9,0.85,0.85,0.5,0.5,0.5,0.5,0.5,0.95,0.95,0.15
f03cb798-cf1f-4be7-931d-4d5b3de587e3,1767122864.41209,1767123862.96364,0.85,0.55,0.7,0.5,0.6,0.65,0.7,0.75,0.4,0.3,0.0,0.8,0.5,0.9,0.8,0.85,0.75,0.85,0.8,0.8,0.75,0.75,0.7,0.65,0.85,0.2
19852c50-f417-49a4-a613-f88cf1f6c45c,1767127238.26343,1767197085.45329,0.9,0.7,0.85,0.75,0.8,0.8,0.75,0.7,0.8,0.75,0.6,0.85,0.25,0.92,0.88,0.9,0.85,0.9,0.9,0.85,0.25,0.88,0.85,0.95,0.85,0.12
536f9fbb-70d7-4fd7-a198-26e70340cabf,1767197378.10629,1767197667.7255,0.85,0.7,0.5,0.65,0.5,0.5,0.5,0.5,0.5,0.5,0.5,0.5,0.3,0.5,0.85,0.5,0.8,0.5,0.5,0.5,0.5,0.5,0.5,0.95,0.75,0.15
ba9fef36-f8e9-4297-a787-38b1c9a19c99,1767198744.83883,1767207856.99328,0.85,0.65,0.75,0.6,0.7,0.65,0.7,0.55,0.7,0.75,0.3,0.5,0.65,0.99,0.99,0.99,0.99,0.99,0.99,0.99,0.99,0.99,0.99,0.96,0.99,0.05
b45e7c08-33d7-4e14-b899-6f2ea08d439b,1767199107.66287,1767199478.28703,0.9,0.6,0.5,0.65,0.5,0.5,0.5,0.5,0.5,0.5,0.5,0.5,0.4,0.5,0.9,0.5,0.9,0.5,0.5,0.5,0.5,0.5,0.5,0.95,0.8,0.1
b2218751-3e08-4350-b7e3-2abc117897db,1767200637.85791,1767201071.69681,0.85,0.55,0.5,0.7,0.6,0.5,0.5,0.5,0.5,0.5,0.1,0.5,0.45,0.85,0.88,0.5,0.9,0.9,0.5,0.5,0.5,0.5,0.5,0.9,0.75,0.15
3524484b-44da-454b-a097-9e0b89fdc161,1767201195.27065,1767201480.66466,0.9,0.65,0.5,0.8,0.5,0.5,0.5,0.5,0.5,0.5,0.5,0.5,0.35,0.9,0.85,0.5,0.9,0.88,0.5,0.5,0.5,0.5,0.5,0.9,0.85,0.15
373f5cb5-3827-4d50-b1a0-78ef69f363e6,1767202105.41118,1767202587.70355,0.9,0.6,0.5,0.7,0.5,0.5,0.5,0.5,0.5,0.5,0.5,0.5,0.4,0.9,0.88,0.5,0.92,0.9,0.5,0.5,0.5,0.5,0.5,0.95,0.8,0.12
306dcf72-d3e1-4fbc-82fe-dbe74b0fdba0,1767202771.19874,1767203005.79898,0.9,0.75,0.5,0.85,0.5,0.5,0.5,0.5,0.5,0.5,0.5,0.5,0.25,0.88,0.9,0.5,0.92,0.9,0.5,0.5,0.5,0.5,0.5,0.95,0.8,0.1
ccf72edf-4bf6-45c3-a02a-05ecca5df136,1767203245.64189,1767212042.91568,0.9,0.75,0.5,0.85,0.5,0.5,0.5,0.5,0.5,0.5,0.5,0.5,0.25,0.85,0.75,0.85,0.8,0.85,0.8,0.75,0.7,0.8,0.7,0.9,0.75,0.25
2384696d-6b5f-4171-aad4-fca072724067,1767212065.77482,1767212643.8448,0.8,0.55,0.5,0.5,0.6,0.55,0.5,0.45,0.55,0.0,0.0,0.0,0.45,0.85,0.75,0.85,0.8,0.85,0.8,0.8,0.75,0.8,0.75,0.95,0.85,0.25
c988fb7b-35f1-4d15-a7f8-4858de24aacb,1767212659.01203,1767212898.73126,0.85,0.6,0.55,0.55,0.65,0.6,0.55,0.5,0.6,0.0,0.0,0.0,0.4,0.8,0.75,0.8,0.8,0.85,0.8,0.75,0.7,0.8,0.65,0.85,0.7,0.25
36f9a3de-9cb0-4588-b7cb-dffaa20c722e,1767213055.65419,1767213349.88274,0.85,0.55,0.5,0.5,0.55,0.55,0.5,0.45,0.55,0.0,0.0,0.0,0.45,0.8,0.7,0.75,0.75,0.75,0.75,0.7,0.65,0.75,0.6,0.8,0.65,0.3
fee76f84-2898-4eb8-8bad-7d23084df6fb,1767216104.64469,1767216477.94323,0.8,0.65,0.7,0.7,0.75,0.7,0.7,0.5,0.7,0.5,0.2,0.6,0.35,0.85,0.75,0.8,0.8,0.85,0.8,0.8,0.5,0.8,0.7,0.7,0.75,0.25
bef188e6-ea92-477d-a4b3-79946e451296,1767217634.1478,1767218105.0547,0.85,0.7,0.8,0.75,0.7,0.75,0.7,0.65,0.7,0.75,0.1,0.7,0.3,0.9,0.85,0.9,0.85,0.85,0.9,0.85,0.8,0.85,0.9,0.95,0.8,0.15
dac60089-cae3-458f-9b17-fab8625ab026,1767268560.49548,1767269660.65696,0.85,0.7,0.9,0.6,0.75,0.7,0.8,0.5,0.4,0.8,0.6,0.7,0.5,0.92,0.92,0.96,0.88,0.9,0.88,0.9,0.75,0.85,0.93,0.8,0.88,0.15
f6b2d9a5-d403-49c4-91d5-614a2d38e585,1767269190.61988,1767271270.33831,0.85,0.72,0.6,0.75,0.7,0.75,0.7,0.55,0.7,0.65,0.4,0.7,0.28,0.9,0.88,0.85,0.9,0.88,0.9,0.85,0.7,0.88,0.8,0.85,0.85,0.15
7a683c84-e282-4ede-a425-965ae300c11c,1767272405.0087,1767273285.53011,0.85,0.55,0.5,0.7,0.5,0.5,0.5,0.5,0.5,0.5,0.5,0.5,0.4,0.9,0.85,0.5,0.9,0.85,0.5,0.5,0.5,0.5,0.5,0.95,0.85,0.15
34397bf5-b761-4b85-b09d-be5ba7971265,1767273018.9793,1767276220.66512,0.9,0.75,0.85,0.7,0.7,0.65,0.75,0.6,0.6,0.75,0.5,0.7,0.5,0.96,0.92,0.95,0.9,0.93,0.91,0.92,0.85,0.92,0.93,0.85,0.91,0.08
c3739e8f-abe3-4ff5-843a-091b39e8a0bf,1767273695.96294,1767273897.04853,0.85,0.75,0.5,0.8,0.5,0.5,0.5,0.5,0.5,0.5,0.5,0.5,0.25,0.85,0.9,0.5,0.9,0.9,0.5,0.5,0.5,0.5,0.5,1.0,0.8,0.1
c81d61b8-e6e2-44d7-b8eb-99d9d0bde37e,1767274240.30873,1767279420.06329,0.9,0.4,0.5,0.6,0.5,0.5,0.5,0.5,0.5,0.5,0.5,0.5,0.55,0.75,0.85,0.8,0.88,0.82,0.85,0.8,0.75,0.82,0.45,0.85,0.75,0.18
24e0fd9a-cdeb-4128-8a22-33522e044ea7,1767280152.11035,1767280645.25241,0.85,0.75,0.65,0.8,0.75,0.7,0.7,0.6,0.7,0.2,0.1,0.75,0.3,0.85,0.85,0.9,0.85,0.9,0.85,0.8,0.75,0.9,0.85,0.95,0.8,0.15
f4d80e69-2c4d-4746-8744-4cb204e4dc50,1767280953.41384,1767281675.6107,0.8,0.6,0.5,0.55,0.55,0.5,0.5,0.45,0.6,0.2,0.1,0.7,0.45,0.9,0.9,0.95,0.85,0.9,0.9,0.85,0.8,0.95,0.9,0.85,0.85,0.15
b0ed1fc5-913a-46ad-bcdd-a6b87d0a11ea,1767281646.09063,1767285086.75339,0.88,0.8,0.75,0.85,0.75,0.7,0.75,0.6,0.65,0.7,0.4,0.65,0.45,0.94,0.9,0.88,0.92,0.92,0.9,0.91,0.82,0.88,0.9,0.6,0.88,0.12
3a3728a4-bb37-478f-a3f3-7b743305d974,1767281832.37049,1767281977.93165,0.9,0.75,0.7,0.8,0.75,0.8,0.75,0.7,0.85,0.3,0.2,0.85,0.3,0.95,0.95,0.98,0.9,0.95,0.95,0.9,0.85,1.0,0.95,1.0,0.95,0.05
b9ef4dbb-c0d7-492e-a3f1-abd07066d7f6,1767282100.15681,1767284121.6972,0.85,0.6,0.55,0.7,0.6,0.65,0.55,0.5,0.75,0.15,0.1,0.8,0.4,0.9,0.9,0.95,0.85,0.9,0.85,0.85,0.8,0.95,0.9,0.85,0.9,0.15
8d29daad-2012-4262-8a32-f48ba7ed1813,1767284249.1114,1767288351.17966,0.9,0.85,0.5,0.9,0.5,0.5,0.5,0.5,0.5,0.5,0.5,0.5,0.15,0.85,0.82,0.85,0.8,0.8,0.85,0.75,0.7,0.9,0.85,0.8,0.7,0.18
ae60439d-54ca-4616-958c-84a241295b86,1767288423.5602,1767289980.05757,0.85,0.7,0.75,0.75,0.7,0.7,0.65,0.6,0.5,0.4,0.3,0.5,0.3,0.85,0.8,0.75,0.85,0.8,0.8,0.75,0.7,0.75,0.7,0.75,0.65,0.22
13ac95a6-4cb0-4f88-9d2b-9c7c362effff,1767291606.90174,1767291697.76204,0.85,0.75,0.6,0.8,0.5,0.5,0.5,0.5,0.5,0.3,0.7,0.5,0.2,0.85,0.85,0.75,0.9,0.5,0.5,0.5,0.5,0.5,0.6,0.9,0.5,0.12
2ba34768-fc9d-441e-9864-5a5f1ef53146,1767293399.7309,1767294550.77633,0.8,0.65,0.5,0.7,0.5,0.5,0.5,0.5,0.5,0.5,0.5,0.5,0.35,0.9,0.85,0.8,0.9,0.5,0.5,0.5,0.5,0.5,0.75,0.85,0.8,0.15
e17abb48-5047-4479-874d-11e025226b3b,1767294689.83858,1767294916.33279,0.75,0.6,0.4,0.65,0.55,0.6,0.5,0.45,0.55,0.35,0.3,0.65,0.4,0.75,0.8,0.6,0.8,0.75,0.75,0.65,0.45,0.7,0.4,0.85,0.7,0.2
810983ce-527e-49d5-abac-21164e07f438,1767338936.22181,1767339577.31479,0.92,0.85,0.8,0.88,0.8,0.78,0.8,0.7,0.75,0.75,0.35,0.7,0.35,0.96,0.93,0.9,0.92,0.93,0.91,0.92,0.84,0.9,0.93,0.78,0.92,0.1
d3f384cd-7d2a-4359-b809-9368a1cc54e7,1767340235.12263,1767340589.50566,0.9,0.88,0.85,0.9,0.85,0.83,0.85,0.78,0.8,0.82,0.3,0.8,0.25,0.94,0.92,0.85,0.93,0.9,0.89,0.91,0.84,0.88,0.91,0.55,0.88,0.15
c20eb448-ede2-4df0-82ed-4b62a632de26,1767342022.37771,1767345286.06055,0.85,0.75,0.5,0.8,0.7,0.5,0.5,0.5,0.5,0.5,0.5,0.5,0.35,0.5,0.9,0.5,0.95,0.95,0.5,0.5,0.5,0.5,0.5,1.0,0.5,0.15
2c9065c7-75d1-4be1-8eff-dcba4675336c,1767345448.86632,1767350143.12091,0.5,0.55,0.5,0.7,0.8,0.5,0.5,0.5,0.5,0.5,0.5,0.5,0.45,0.5,0.8,0.5,0.85,0.9,0.5,0.5,0.5,0.5,0.5,0.5,0.5,0.25
a5d62ad8-4d8f-42b2-acfa-caf644816804,1767348234.51878,1767348455.42571,0.95,0.95,0.95,0.95,0.95,0.95,0.95,0.95,0.85,0.9,0.2,0.9,0.05,0.99,0.98,0.98,0.98,0.99,0.99,0.99,0.98,0.98,0.99,0.95,0.99,0.01
12084d97-9717-4e7c-950c-9272d0a7dad3,1767352156.97974,1767365883.04569,0.85,0.85,0.5,0.9,0.5,0.5,0.5,0.5,0.5,0.5,0.5,0.5,0.2,0.5,0.8,0.5,0.5,0.5,0.5,0.5,0.5,0.5,0.5,0.9,0.5,0.2
67764186-e63b-4616-8c3d-d15c685df90a,1767366558.47138,1767366830.78336,0.85,0.7,0.75,0.75,0.7,0.5,0.5,0.5,0.5,0.5,0.5,0.5,0.3,0.8,0.82,0.88,0.85,0.85,0.5,0.5,0.5,0.8,0.65,0.75,0.7,0.18
b2d53a03-3c23-43d9-bbcf-a259035d1d5a,1767367356.52835,1767368105.6709,0.85,0.45,0.4,0.5,0.5,0.5,0.5,0.5,0.5,0.5,0.5,0.5,0.55,0.82,0.82,0.78,0.85,0.85,0.5,0.5,0.5,0.8,0.7,0.8,0.75,0.18
4c5d77b4-36a3-4b1d-be14-e6f464656037,1767368138.72402,1767368489.72123,0.85,0.65,0.55,0.7,0.6,0.5,0.5,0.5,0.5,0.5,0.5,0.5,0.35,0.8,0.85,0.82,0.88,0.85,0.5,0.5,0.5,0.8,0.7,0.72,0.75,0.18
cb74607c-2387-4ac0-bfd1-8a3e7f8cc6f2,1767369482.53327,1767369772.12054,0.85,0.72,0.65,0.8,0.75,0.8,0.75,0.7,0.8,0.6,0.4,0.8,0.3,0.9,0.85,0.85,0.88,0.85,0.88,0.82,0.8,0.85,0.75,0.95,0.85,0.18
f01312ca-decc-4495-ba9b-b668a857e33a,1767373200.50864,1767373347.61027,0.85,0.75,0.7,0.8,0.8,0.85,0.75,0.7,0.8,0.6,0.1,0.75,0.25,0.9,0.88,0.9,0.9,0.88,0.9,0.85,0.85,0.88,0.8,0.95,0.88,0.15
1ac2f0b0-066b-4fd2-a1e4-65b5bbf30681,1767374619.09036,1767434425.11119,0.88,0.8,0.75,0.85,0.8,0.85,0.78,0.75,0.82,0.65,0.7,0.8,0.25,0.95,0.9,0.95,0.9,0.85,0.9,0.9,0.8,0.95,0.9,0.95,0.9,0.1
1daa9282-ff84-4595-9b83-1de2b72fe08b,1767465864.24863,1767480877.95938,0.85,0.7,0.5,0.75,0.5,0.5,0.5,0.5,0.5,0.5,0.5,0.5,0.25,0.92,0.88,0.85,0.9,0.88,0.5,0.5,0.5,0.85,0.5,0.5,0.8,0.12
e0d68cfd-61ab-4665-b79f-5670695f6d5e,1767482824.35648,1767483093.98756,0.9,0.55,0.65,0.7,0.6,0.5,0.5,0.5,0.5,0.5,0.5,0.5,0.45,0.88,0.9,0.88,0.92,0.9,0.5,0.5,0.5,0.88,0.5,0.5,0.85,0.1
8ed4ae17-e356-4e6d-987e-5d858fbb691e,1767483033.19438,1767483033.7055,0.5,0.5,0.5,0.6,0.5,0.5,0.5,0.5,0.5,0.5,0.5,0.5,0.5,0.5,0.8,0.5,0.9,0.5,0.5,0.5,0.5,0.5,0.5,0.5,0.5,0.2
fc851d91-f6d4-465b-aea1-a49bb57085ea,1767486696.37774,1767487423.21304,0.85,0.6,0.75,0.7,0.65,0.5,0.5,0.5,0.55,0.5,0.5,0.5,0.4,0.85,0.75,0.85,0.7,0.8,0.85,0.75,0.7,0.8,0.75,0.9,0.7,0.25
79536c65-7b75-4162-a1b6-e18cc624c065,1767529971.89361,1767544746.93506,0.85,0.65,0.5,0.7,0.5,0.5,0.5,0.5,0.5,0.5,0.5,0.5,0.4,0.9,0.85,0.9,0.8,0.85,0.9,0.85,0.8,0.9,0.75,0.95,0.9,0.15
525c999b-fd00-45b7-a576-231141b102be,1767606004.5696,1767606179.94728,0.85,0.7,0.75,0.8,0.85,0.8,0.75,0.85,0.7,0.6,0.15,0.4,0.35,0.9,0.9,0.85,0.95,0.95,0.9,0.9,0.95,0.95,0.9,0.8,0.85,0.15
4e5ade5e-a15d-404a-922c-359840946662,1767606600.16626,1767606762.46598,0.9,0.9,0.85,0.95,0.95,0.9,0.9,0.9,0.95,0.85,0.1,0.3,0.15,0.95,0.95,0.95,0.95,0.98,0.95,0.95,0.95,0.98,0.95,0.95,0.95,0.05
2135572e-a23e-49d4-ac60-7db6c6b47664,1767607735.8816,1767607844.04947,0.95,0.9,0.85,0.95,0.95,0.9,0.9,0.9,0.95,0.7,0.1,0.2,0.2,0.98,0.95,0.85,0.95,0.98,0.95,0.95,0.95,0.98,0.9,0.95,0.9,0.05
745bd3f3-e780-4892-8d8b-2c6c97c9944e,1767607755.21616,1767607857.76149,0.9,0.45,0.5,0.5,0.5,0.5,0.5,0.5,0.5,0.5,0.5,0.5,0.65,0.9,0.9,0.5,0.95,0.5,0.5,0.5,0.5,0.5,0.5,0.5,0.5,0.1
43576eb0-c88a-4ad9-b1f2-fd6c2d207b77,1767611630.94775,1767611950.20764,0.95,0.95,0.95,0.98,0.95,0.95,0.95,0.95,0.95,0.95,0.95,0.95,0.05,0.98,0.98,0.95,0.98,0.98,0.98,0.98,0.95,0.98,0.95,0.95,0.9,0.02
1a922bed-16f5-4651-b90c-42e0f68873ee,1767634254.67254,1767653354.26811,0.85,0.75,0.5,0.8,0.5,0.5,0.5,0.5,0.5,0.4,0.3,0.5,0.25,0.95,0.85,0.9,0.85,0.9,0.9,0.85,0.8,0.85,0.8,0.75,0.9,0.15
318e3fd1-ce71-4be4-a3e7-a9cd1c2921a6,1767700423.17419,1767704420.17061,0.85,0.55,0.8,0.6,0.65,0.7,0.6,0.55,0.5,0.45,0.4,0.5,0.45,0.5,0.85,0.8,0.9,0.5,0.5,0.5,0.5,0.5,0.5,0.75,0.9,0.2
9e802e9d-1f51-4c58-a6cf-8d490a83a666,1767704471.22218,1767710009.99076,0.5,0.75,0.6,0.8,0.5,0.5,0.5,0.5,0.5,0.5,0.5,0.5,0.3,0.5,0.9,0.5,0.9,0.5,0.5,0.5,0.5,0.5,0.5,1.0,0.5,0.1
96bbac81-7293-4dd5-9b6d-6070d246a3bf,1767704766.20883,1767705213.69555,0.85,0.75,0.85,0.8,0.9,0.8,0.85,0.7,0.75,0.8,0.2,0.3,0.35,0.9,0.9,0.95,0.9,0.95,0.9,0.95,0.85,0.95,0.95,0.95,0.9,0.15
47004a18-d5d9-4371-9bd0-e998fca2d86a,1767705275.8837,1767705416.40819,0.85,0.7,0.8,0.75,0.85,0.75,0.8,0.65,0.7,0.75,0.15,0.3,0.4,0.9,0.95,0.95,0.95,0.98,0.95,0.98,0.9,0.95,0.95,0.95,0.95,0.1
6708a7e2-5b11-4d62-b89d-1e8342bb8697,1767708503.85741,1767708619.31119,0.85,0.7,0.8,0.75,0.8,0.75,0.8,0.65,0.65,0.75,0.1,0.3,0.4,0.9,0.9,0.9,0.9,0.95,0.95,0.95,0.9,0.95,0.9,0.95,0.9,0.1
1158cb26-e857-4d44-8344-3fcff59f90c2,1767708827.73684,1767709099.04873,0.9,0.75,0.85,0.8,0.85,0.8,0.85,0.7,0.7,0.8,0.1,0.4,0.35,0.95,0.9,0.95,0.95,0.98,0.95,0.98,0.95,0.98,0.95,0.98,0.95,0.05
0eb24830-72ef-4090-8127-da1b83894570,1767709362.17545,1767709483.41132,0.85,0.8,0.85,0.8,0.85,0.8,0.85,0.7,0.7,0.8,0.1,0.4,0.35,0.9,0.9,0.9,0.9,0.95,0.9,0.95,0.9,0.95,0.9,0.9,0.85,0.15
898fb8d3-33f7-4eaf-91b5-34bfbab6e77c,1767710837.62304,1767713119.50787,0.85,0.75,0.5,0.8,0.5,0.5,0.5,0.5,0.5,0.5,0.5,0.5,0.25,0.85,0.9,0.5,0.85,0.5,0.5,0.5,0.5,0.5,0.75,1.0,0.8,0.1
6549bf32-3640-4814-bad3-26615795eb59,1767712618.79791,1767712663.77991,0.9,0.8,0.85,0.8,0.85,0.8,0.85,0.7,0.7,0.8,0.1,0.4,0.35,0.95,0.9,0.9,0.95,0.95,0.95,0.95,0.9,0.95,0.95,0.95,0.9,0.1
1866545f-ce99-417b-b089-01450657f981,1767713175.96938,1767722864.49723,0.8,0.6,0.5,0.65,0.5,0.5,0.5,0.5,0.5,0.5,0.5,0.5,0.4,0.5,0.88,0.5,0.85,0.5,0.5,0.5,0.5,0.5,0.75,0.9,0.8,0.15
7fff8a8b-1ec1-4bc0-8c70-672eaf5a7d73,1767724035.72568,1767724441.90386,0.9,0.75,0.5,0.8,0.5,0.5,0.5,0.5,0.5,0.5,0.3,0.5,0.35,0.5,0.85,0.5,0.8,0.5,0.5,0.5,0.5,0.5,0.75,0.9,0.85,0.15
cee1d275-aefc-41a7-b783-d8ca47f19dcf,1767728758.35548,1767729158.02448,0.5,0.65,0.5,0.7,0.5,0.5,0.5,0.5,0.5,0.5,0.5,0.5,0.4,0.5,0.85,0.5,0.5,0.5,0.5,0.5,0.5,0.5,0.7,0.95,0.8,0.15
fb029a71-d2ab-4de1-a91a-395aa348186a,1767731131.54861,1767731606.50728,0.5,0.45,0.5,0.6,0.5,0.5,0.5,0.5,0.5,0.5,0.5,0.85,0.55,0.5,0.88,0.5,0.5,0.5,0.5,0.5,0.5,0.5,0.75,0.85,0.9,0.12
6a3c5506-d160-4087-87dd-e89482d92947,1767733171.20226,1767733355.95853,0.5,0.7,0.5,0.75,0.5,0.5,0.5,0.5,0.5,0.5,0.5,0.85,0.3,0.5,0.88,0.5,0.5,0.5,0.5,0.5,0.5,0.5,0.8,0.9,0.85,0.15
d8c42537-2e08-4102-9ef1-00c1162388ac,1767736662.9125,1767737584.89012,0.5,0.75,0.5,0.8,0.5,0.5,0.5,0.5,0.5,0.5,0.5,0.7,0.25,0.5,0.9,0.5,0.85,0.5,0.5,0.5,0.5,0.5,0.5,0.95,0.8,0.15
412bfb40-b6c8-4233-b024-eff3eb9c011e,1767739519.67002,1767739736.03992,0.85,0.65,0.5,0.7,0.5,0.5,0.5,0.5,0.5,0.5,0.5,0.5,0.3,0.5,0.85,0.5,0.9,0.5,0.5,0.5,0.5,0.5,0.5,0.95,0.8,0.15
49824952-83b1-4337-b6eb-733443db2f5f,1767740504.30911,1767741447.22176,0.9,0.5,0.5,0.6,0.5,0.5,0.5,0.5,0.5,0.5,0.5,0.5,0.45,0.5,0.9,0.5,0.5,0.5,0.5,0.5,0.5,0.5,0.5,0.95,0.9,0.1
021dfa53-73c8-483c-b6f3-1b79d5231e10,1767742050.55074,1767742169.31612,0.9,0.75,0.85,0.8,0.85,0.8,0.85,0.7,0.7,0.8,0.1,0.4,0.4,0.95,0.95,0.95,0.95,0.98,0.95,0.98,0.95,0.98,0.95,0.98,0.95,0.05
3fd7554e-f12c-4ee8-8eff-92445d3f392f,1767744603.18975,1767745179.00041,0.9,0.8,0.5,0.85,0.5,0.5,0.5,0.5,0.5,0.5,0.5,0.5,0.15,0.9,0.92,0.5,0.95,0.5,0.5,0.5,0.5,0.5,0.5,0.95,0.5,0.08
dc9d01e8-9d2e-4f50-b747-6e2f51cfbb92,1767790348.25318,1767790592.17506,0.95,0.4,0.5,0.5,0.5,0.5,0.5,0.5,0.5,0.5,0.5,0.5,0.6,0.9,0.9,0.5,0.85,0.5,0.5,0.5,0.5,0.5,0.5,1.0,0.5,0.1
e9b75d98-6e7b-41a9-83d0-ad33fcad9cca,1767790968.10549,1767791089.20139,0.85,0.7,0.8,0.75,0.8,0.75,0.8,0.7,0.7,0.75,0.1,0.4,0.4,0.95,0.9,0.95,0.95,0.95,0.95,0.95,0.9,0.95,0.95,0.95,0.9,0.1
afd7e0d6-e156-4cad-8ee0-4204573b653a,1767796926.91065,1767806931.72965,0.85,0.4,0.75,0.5,0.7,0.6,0.65,0.3,0.2,0.7,0.0,0.0,0.65,0.95,0.9,0.95,0.85,0.95,0.9,0.95,0.85,0.9,0.95,1.0,0.95,0.1
fad2242f-33f5-4666-b17e-4b1c52733c1b,1767800479.42139,1767800648.05131,0.9,0.75,0.5,0.85,0.5,0.5,0.5,0.5,0.5,0.5,0.5,0.5,0.25,0.85,0.9,0.5,0.95,0.5,0.5,0.5,0.5,0.5,0.5,0.5,0.5,0.1
aeaf51fc-0f2d-475a-973c-2d9eb75d71bf,1767801461.79721,1767801494.68973,0.85,0.7,0.5,0.75,0.5,0.5,0.5,0.5,0.5,0.5,0.5,0.5,0.2,0.85,0.9,0.5,0.9,0.5,0.5,0.5,0.5,0.5,0.5,1.0,0.5,0.1
0d6060fe-fd0f-48b9-aeaa-8e34b0dba3fb,1767801790.18329,1767802027.59115,0.9,0.6,0.5,0.7,0.5,0.5,0.5,0.5,0.5,0.5,0.5,0.5,0.3,0.9,0.95,0.5,0.9,0.5,0.5,0.5,0.5,0.5,0.5,1.0,0.5,0.05
830f0f53-0b19-43c9-b7e7-54f5c5e6266d,1767802049.41714,1767802235.48116,0.85,0.65,0.5,0.7,0.5,0.5,0.5,0.5,0.5,0.5,0.5,0.5,0.3,0.85,0.95,0.5,0.9,0.5,0.5,0.5,0.5,0.5,0.5,1.0,0.5,0.05
50e531c8-0b6b-4c8d-9573-4aa4e3be973b,1767802257.52711,1767802457.75149,0.9,0.75,0.5,0.8,0.5,0.5,0.5,0.5,0.5,0.5,0.5,0.5,0.2,0.85,0.95,0.5,0.9,0.5,0.5,0.5,0.5,0.5,0.5,1.0,0.5,0.05
e120eb70-4d7c-4995-a20c-4a43e6da73e9,1767802538.52696,1767802553.89708,0.7,0.9,0.5,0.9,0.5,0.5,0.5,0.5,0.5,0.5,0.5,0.5,0.1,0.85,0.95,0.5,0.95,0.5,0.5,0.5,0.5,0.5,0.5,1.0,0.5,0.05
6caf2b1a-5740-467c-b8f8-bb869ae24e9d,1767803044.48434,1767803340.2714,0.9,0.65,0.5,0.75,0.5,0.5,0.5,0.5,0.5,0.5,0.5,0.5,0.25,0.85,0.88,0.5,0.92,0.5,0.5,0.5,0.5,0.5,0.5,0.5,0.5,0.12
0290a4c2-22c8-4ace-bcbd-9d2ccbde657a,1767808067.78685,1767808206.061,0.5,0.65,0.5,0.7,0.5,0.5,0.5,0.5,0.5,0.5,0.5,0.5,0.3,0.5,0.85,0.5,0.85,0.5,0.5,0.5,0.5,0.5,0.5,0.5,0.5,0.15
0b9f2835-0c33-4a4d-ad60-ba45b9464701,1767809643.22046,1767809674.22695,0.6,0.7,0.5,0.75,0.5,0.5,0.5,0.5,0.5,0.3,0.1,0.5,0.25,0.75,0.85,0.5,0.85,0.5,0.5,0.5,0.5,0.5,0.5,0.9,0.7,0.15
0d91284a-4fc7-4332-9524-8c9e61eb2719,1767810341.45703,1767810644.31198,0.65,0.75,0.5,0.7,0.5,0.5,0.5,0.5,0.5,0.2,0.1,0.5,0.2,0.8,0.9,0.5,0.85,0.5,0.5,0.5,0.5,0.5,0.6,0.85,0.75,0.1
4e4ffc7e-b6c7-465e-8a00-5a5f49702528,1767813315.73705,1767813471.0493,0.85,0.45,0.5,0.6,0.5,0.5,0.5,0.5,0.5,0.5,0.5,0.5,0.55,0.85,0.85,0.5,0.9,0.5,0.5,0.5,0.5,0.5,0.5,0.85,0.5,0.15
55617110-4742-45d1-9764-ffa2343925c5,1767813667.86513,1767813678.79312,0.9,0.8,0.5,0.85,0.5,0.5,0.5,0.5,0.5,0.5,0.5,0.5,0.2,0.9,0.95,0.5,0.95,0.5,0.5,0.5,0.5,0.5,0.5,1.0,0.5,0.1
9aed0ccc-71df-4bff-af17-6c6d5273f3ff,1767813706.87808,1767813716.37573,0.85,0.75,0.5,0.8,0.5,0.5,0.5,0.5,0.5,0.5,0.5,0.5,0.25,0.85,0.9,0.5,0.9,0.5,0.5,0.5,0.5,0.5,0.5,0.95,0.5,0.15
42b1c04d-3e1e-4c0b-84f4-9e1c3c2b2952,1767813885.84356,1767813899.79059,0.85,0.7,0.5,0.75,0.5,0.5,0.5,0.5,0.5,0.5,0.5,0.5,0.3,0.85,0.9,0.5,0.9,0.5,0.5,0.5,0.5,0.5,0.5,1.0,0.5,0.1
6b201175-8a79-4f13-894f-72e3d0485b25,1767817181.24469,1767822129.70136,0.85,0.55,0.5,0.6,0.5,0.5,0.5,0.5,0.5,0.5,0.5,0.5,0.45,0.95,0.88,0.9,0.92,0.9,0.9,0.85,0.35,0.88,0.8,0.85,0.85,0.15
456c90fc-ab1c-4af4-81b3-57c40211d527,1767833373.32297,1767833984.59821,0.85,0.72,0.5,0.75,0.5,0.75,0.5,0.5,0.5,0.65,0.8,0.7,0.28,0.9,0.82,0.5,0.85,0.5,0.82,0.5,0.5,0.5,0.75,0.95,0.85,0.18
98fab559-46de-46b6-bb1b-a56a9570a171,1767835625.3883,1767838793.73387,0.8,0.35,0.5,0.5,0.5,0.5,0.5,0.5,0.5,0.4,0.0,0.75,0.65,0.5,0.85,0.5,0.85,0.5,0.5,0.5,0.5,0.5,0.5,0.75,0.7,0.2
432ea18c-ba7d-4823-89f6-cc59776baae3,1767865495.1655,1767867328.83654,0.8,0.65,0.5,0.7,0.5,0.5,0.5,0.5,0.5,0.5,0.5,0.5,0.35,0.5,0.75,0.5,0.8,0.5,0.5,0.5,0.5,0.5,0.5,0.7,0.7,0.3
deb0699e-2018-49a5-97f4-3634a4b60a32,1767880732.72767,1767880734.32881,0.85,0.6,0.85,0.5,0.8,0.85,0.75,0.65,0.4,0.85,0.7,0.9,0.7,0.85,0.85,0.9,0.75,0.9,0.9,0.85,0.55,0.8,0.9,0.9,0.95,0.3
e6d67042-ef5f-44d7-86de-638ee5376da5,1767880794.28029,1767880795.85832,0.85,0.6,0.85,0.5,0.8,0.85,0.75,0.65,0.4,0.85,0.7,0.9,0.7,0.85,0.85,0.9,0.75,0.9,0.9,0.85,0.55,0.8,0.9,0.9,0.95,0.3
4d022ab8-5a81-43b8-8fe2-a5a6898f2ca4,1767880817.86135,1767880819.49479,0.85,0.6,0.85,0.5,0.8,0.85,0.75,0.65,0.4,0.85,0.7,0.9,0.7,0.85,0.85,0.9,0.75,0.9,0.9,0.85,0.55,0.8,0.9,0.9,0.95,0.3
ef51c34e-9391-49b7-a4c3-3bd9d79b1bf6,1767880971.40719,1767880972.95887,0.85,0.6,0.85,0.5,0.8,0.85,0.75,0.65,0.4,0.85,0.7,0.9,0.7,0.85,0.85,0.9,0.75,0.9,0.9,0.85,0.55,0.8,0.9,0.9,0.95,0.3
5490d8f3-8179-4a8e-a77e-f720f8e0c733,1767881508.97878,1767881510.56001,0.85,0.6,0.85,0.5,0.8,0.85,0.75,0.65,0.4,0.85,0.7,0.9,0.7,0.85,0.85,0.9,0.75,0.9,0.9,0.85,0.55,0.8,0.9,0.9,0.95,0.3
03803c27-ab80-434c-809c-cf67bde71e2c,1767881568.94105,1767881570.50298,0.85,0.6,0.85,0.5,0.8,0.85,0.75,0.65,0.4,0.85,0.7,0.9,0.7,0.85,0.85,0.9,0.75,0.9,0.9,0.85,0.55,0.8,0.9,0.9,0.95,0.3
9de529a6-a5f1-4156-897b-4066570fb56f,1767881677.46891,1767881679.03416,0.85,0.6,0.85,0.5,0.8,0.85,0.75,0.65,0.4,0.85,0.7,0.9,0.7,0.85,0.85,0.9,0.75,0.9,0.9,0.85,0.55,0.8,0.9,0.9,0.95,0.3
464e4b53-dc3b-4f4c-9e3e-f99f3e1c0454,1767881808.3,1767881809.86371,0.85,0.6,0.85,0.5,0.8,0.85,0.75,0.65,0.4,0.85,0.7,0.9,0.7,0.85,0.85,0.9,0.75,0.9,0.9,0.85,0.55,0.8,0.9,0.9,0.95,0.3
f6729c2a-7cfd-45e7-8fa8-caa125dcf24e,1767881967.75691,1767881969.33417,0.85,0.6,0.85,0.5,0.8,0.85,0.75,0.65,0.4,0.85,0.7,0.9,0.7,0.85,0.85,0.9,0.75,0.9,0.9,0.85,0.55,0.8,0.9,0.9,0.95,0.3
6dff32d8-d165-4e90-b341-1793098009b3,1767882018.74368,1767882020.33202,0.85,0.6,0.85,0.5,0.8,0.85,0.75,0.65,0.4,0.85,0.7,0.9,0.7,0.85,0.85,0.9,0.75,0.9,0.9,0.85,0.55,0.8,0.9,0.9,0.95,0.3
4ffaf5d3-20ea-4e4d-897c-65b1b2d8e40a,1767882086.96558,1767882088.63401,0.85,0.6,0.85,0.5,0.8,0.85,0.75,0.65,0.4,0.85,0.7,0.9,0.7,0.85,0.85,0.9,0.75,0.9,0.9,0.85,0.55,0.8,0.9,0.9,0.95,0.3
c53279e0-dc19-4985-b92f-151456af18ad,1767882188.31145,1767882189.91272,0.85,0.6,0.85,0.5,0.8,0.85,0.75,0.65,0.4,0.85,0.7,0.9,0.7,0.85,0.85,0.9,0.75,0.9,0.9,0.85,0.55,0.8,0.9,0.9,0.95,0.3
969a1a1d-37ae-41a8-bd75-491af1a7f18f,1767882254.80982,1767882256.45756,0.85,0.6,0.85,0.5,0.8,0.85,0.75,0.65,0.4,0.85,0.7,0.9,0.7,0.85,0.85,0.9,0.75,0.9,0.9,0.85,0.55,0.8,0.9,0.9,0.95,0.3
9b790c1e-d7a4-49fe-a600-1fd395a3c15c,1767883623.12237,1767885718.60356,0.9,0.75,0.5,0.8,0.5,0.5,0.5,0.5,0.5,0.5,0.05,0.75,0.25,0.5,0.75,0.5,0.5,0.5,0.5,0.5,0.5,0.5,0.5,0.5,0.5,0.5
a3d1a84e-a702-419c-a76d-cb6ab7993caf,1767885960.25989,1767887457.17313,0.7,0.55,0.5,0.6,0.5,0.5,0.5,0.5,0.5,0.5,0.5,0.5,0.45,0.5,0.7,0.5,0.5,0.5,0.5,0.5,0.5,0.5,0.5,0.5,0.5,0.3
0467d1d0-70bb-42ec-bcf1-77fe02d6d3fd,1767887594.11699,1767905246.82174,0.7,0.75,0.5,0.8,0.5,0.5,0.5,0.5,0.5,0.5,0.5,0.5,0.25,0.75,0.85,0.5,0.9,0.5,0.5,0.5,0.5,0.5,0.5,0.5,0.5,0.15
ccdc20ba-0eea-4450-b276-34e42881c07f,1767888028.20934,1767904319.50004,0.85,0.75,0.5,0.8,0.5,0.5,0.5,0.5,0.5,0.5,0.5,0.5,0.25,0.9,0.8,0.5,0.85,0.5,0.5,0.5,0.5,0.5,0.5,0.5,0.5,0.25
c20accb0-b52f-4376-8ea3-2f2f914f2585,1767888479.27056,1767888480.79091,0.85,0.6,0.85,0.5,0.8,0.85,0.75,0.65,0.4,0.85,0.7,0.9,0.7,0.85,0.85,0.9,0.75,0.9,0.9,0.85,0.55,0.8,0.9,0.9,0.95,0.3
815ccd33-2965-43ec-9232-a989411e0968,1767904342.2257,1767905103.2449,0.9,0.55,0.5,0.6,0.5,0.5,0.5,0.5,0.5,0.5,0.5,0.5,0.45,0.5,0.88,0.5,0.92,0.9,0.5,0.5,0.5,0.5,0.5,1.0,0.5,0.12
09cd8830-a029-4699-b872-4b1ad01cf155,1767905248.43092,1767905485.59368,0.5,0.75,0.5,0.85,0.9,0.5,0.5,0.5,0.5,0.5,0.5,0.5,0.25,0.5,0.9,0.5,0.95,0.95,0.5,0.5,0.5,0.5,0.5,1.0,0.5,0.1
371232ef-559b-4205-b6ae-b3728e5fad32,1767905279.43549,1767956104.68062,0.8,0.6,0.5,0.65,0.5,0.5,0.5,0.5,0.5,0.5,0.5,0.5,0.4,0.85,0.9,0.85,0.9,0.85,0.9,0.85,0.4,0.85,0.7,0.95,0.75,0.15
0b4ea743-2138-4e4b-87ad-c375ce97f2b8,1767954521.47518,1767954653.63318,0.5,0.8,0.5,0.85,0.9,0.5,0.5,0.5,0.5,0.5,0.5,0.5,0.2,0.5,0.92,0.5,0.95,0.95,0.5,0.5,0.5,0.5,0.5,1.0,0.5,0.08
f8ba53c0-54c0-4608-a52f-1318338ab2ed,1767954748.96305,1767954792.27951,0.8,0.75,0.5,0.7,0.5,0.5,0.5,0.5,0.5,0.5,0.5,0.5,0.25,0.75,0.85,0.5,0.85,0.5,0.5,0.5,0.5,0.5,0.5,0.5,0.5,0.15
894fc920-cf5d-4dcf-b655-3444cc5c7c20,1767956017.9952,1767956430.97637,0.85,0.65,0.5,0.6,0.5,0.5,0.5,0.5,0.5,0.5,0.5,0.5,0.35,0.85,0.9,0.5,0.88,0.5,0.5,0.5,0.5,0.5,0.5,0.5,0.5,0.1
b8b86ef0-5200-447b-b88c-cf0bb3c76058,1767956879.62024,1767958646.02173,0.8,0.75,0.7,0.8,0.75,0.7,0.75,0.45,0.7,0.5,0.1,0.6,0.3,0.85,0.8,0.85,0.75,0.8,0.8,0.75,0.7,0.85,0.8,0.75,0.8,0.25
de08d3cb-157e-4e88-bde6-10177c2f3cfd,1767957050.50681,1767957269.20274,0.85,0.5,0.5,0.55,0.5,0.5,0.5,0.5,0.5,0.5,0.5,0.5,0.5,0.8,0.88,0.5,0.9,0.5,0.5,0.5,0.5,0.5,0.5,0.5,0.5,0.12
734c80d2-eab3-4cb3-be25-557a5ab9b8c8,1767957776.10704,1767957857.75293,0.8,0.7,0.5,0.75,0.5,0.5,0.5,0.5,0.5,0.5,0.5,0.5,0.3,0.75,0.85,0.5,0.88,0.5,0.5,0.5,0.5,0.5,0.5,0.5,0.5,0.15
7338894c-8d2a-4bbb-b5c5-97cfc54513f9,1767957997.44418,1767958294.24108,0.8,0.55,0.5,0.6,0.5,0.5,0.5,0.5,0.5,0.5,0.5,0.5,0.45,0.85,0.9,0.5,0.95,0.95,0.5,0.5,0.5,0.5,0.5,0.5,0.5,0.1
75518f3f-a821-47ce-af38-7d2e24863ccb,1767958498.15459,1767958703.52953,0.5,0.65,0.5,0.7,0.8,0.5,0.5,0.5,0.5,0.5,0.5,0.5,0.4,0.85,0.9,0.5,0.9,0.95,0.5,0.5,0.5,0.5,0.5,0.5,0.5,0.15
6a90947b-3696-48da-945f-391b63bde563,1767959813.79198,1767960911.61686,0.8,0.7,0.75,0.65,0.7,0.7,0.65,0.6,0.3,0.5,0.1,0.6,0.35,0.85,0.85,0.85,0.8,0.85,0.85,0.8,0.75,0.9,0.85,0.95,0.8,0.15
65c2f60e-75bb-4ad7-b020-f501dd7fb30b,1767962985.66418,1767963366.80152,0.85,0.7,0.8,0.65,0.75,0.75,0.7,0.6,0.2,0.5,0.1,0.7,0.35,0.85,0.85,0.9,0.85,0.9,0.85,0.8,0.75,0.95,0.7,0.95,0.75,0.15
998e5ec8-f735-4c96-85d9-97cc6e1f5849,1767964520.50188,1767964829.04598,0.9,0.75,0.7,0.8,0.8,0.75,0.75,0.7,0.6,0.3,0.1,0.8,0.25,0.9,0.9,0.9,0.9,0.9,0.9,0.85,0.8,0.9,0.7,0.9,0.85,0.15
a2fbb588-9f52-4c3c-bed7-d11be0c60d09,1767965668.54494,1767968487.29385,0.8,0.8,0.7,0.9,0.8,0.8,0.7,0.3,0.9,0.2,0.1,0.3,0.2,0.9,0.85,0.85,0.9,0.85,0.85,0.8,0.4,0.9,0.15,0.95,0.8,0.15
d6779f5f-c56e-40b0-aa46-0f324652160e,1767994073.15697,1768070505.95457,0.85,0.75,0.8,0.7,0.75,0.8,0.7,0.65,0.7,0.75,0.3,0.8,0.25,0.9,0.85,0.8,0.85,0.8,0.85,0.8,0.75,0.8,0.7,0.75,0.85,0.25
99789dec-ac5f-43a6-84ff-971bb0d850a2,1768070617.01911,1768078243.28528,0.85,0.6,0.7,0.7,0.65,0.7,0.6,0.5,0.65,0.3,0.1,0.8,0.4,0.9,0.8,0.85,0.85,0.8,0.8,0.75,0.7,0.7,0.8,0.6,0.75,0.3
cdd6c77f-aaae-4bbb-b1d4-89f1e0471694,1768137878.31845,1768142312.85672,0.95,0.75,0.8,0.85,0.8,0.75,0.8,0.7,0.6,0.4,0.1,0.85,0.25,0.95,0.9,0.9,0.9,0.9,0.85,0.85,0.8,0.9,0.85,0.95,0.9,0.1
6bd5a0b2-ea4f-42c9-befc-ffc6a5c4cb86,1768233037.9337,1768247890.41079,0.85,0.55,0.45,0.6,0.5,0.55,0.5,0.45,0.5,0.3,0.15,0.7,0.4,0.9,0.75,0.85,0.7,0.8,0.75,0.8,0.7,0.8,0.85,0.6,0.8,0.25
