session_id,ai_id,user_id,start_time,end_time,components_loaded,total_turns,total_cascades,avg_confidence,drift_detected,session_notes,created_at,project_id,subject,bootstrap_level
b650e142-84a1-4bb6-8d06-44ee8bf87c98,claude-code-demo,,1764781153.9059,1764856204.83171,5,0,0,,0,,"2025-12-03 16:59:13",,,standard
ae33ac7f-e24f-4c20-8282-40a7e20fdaab,claude-code-live-demo,,1764844712.9067,1764856343.12304,5,0,0,,0,,"2025-12-04 10:38:32",,,standard
9e1a1e2b-a749-44d7-8b22-cdc617101770,cli_mcp_tester,,"2025-11-27 15:05:28.964195",1764844525.4079,6,0,0,,0,,"2025-11-27 14:05:28",,,standard
5f33bd90-5f07-4e92-aa5b-fc61ec7316b0,mcp_test_agent,,"2025-11-27 15:10:26.568300",1764844525.4079,6,0,0,,0,,"2025-11-27 14:10:26",,,standard
470024d8-8602-4b80-92a7-8c33d635b5b2,mini-agent,,"2025-11-27 19:46:55.688162",1764844525.4079,6,0,0,,0,,"2025-11-27 18:46:55",,,standard
1d4d7f73-d22b-4265-8f29-e1104b5849b9,mini-agent,,"2025-11-27 20:13:57.663687",1764844525.4079,5,0,0,,0,,"2025-11-27 19:13:57",,,standard
008449c3-160a-42aa-a4d7-489bd2a09c50,mini-agent,,"2025-11-27 20:18:10.188114",1764844525.4079,5,0,0,,0,,"2025-11-27 19:18:10",,,standard
e929135f-ab54-4b62-8f0e-c6e45d177226,mini-agent,,"2025-11-27 20:18:30.358138",1764844525.4079,5,0,0,,0,,"2025-11-27 19:18:30",,,standard
f3365eea-5204-42d5-86fd-b473781e4514,mini-agent,,"2025-11-27 20:18:34.133517",1764844525.4079,5,0,0,,0,,"2025-11-27 19:18:34",,,standard
7c579841-7f73-4a9e-84a3-3f22bea70c11,mini-agent,,"2025-11-27 20:19:52.671523",1764844525.4079,5,0,0,,0,,"2025-11-27 19:19:52",,,standard
f1f4b74a-720a-4ce5-9ad4-46afa5d6d014,mini-agent,,"2025-11-27 20:19:52.870437",1764844525.4079,5,0,0,,0,,"2025-11-27 19:19:52",,,standard
6b298134-ab5d-46ec-b7f4-0c718d17a8e5,mini-agent,,"2025-11-27 20:19:59.715319",1764844525.4079,5,0,0,,0,,"2025-11-27 19:19:59",,,standard
ec6f285c-23cc-4be0-be70-e1e5f62ccd88,test,,"2025-11-28 10:49:04.493883",1764844525.4079,5,0,0,,0,,"2025-11-28 09:49:04",,,standard
8ae6d218-5136-4b96-a8a4-637b9a28c21f,test,,"2025-11-28 10:49:13.603850",1764844525.4079,5,0,0,,0,,"2025-11-28 09:49:13",,,standard
31c902d0-684f-4681-862a-03b5595e0dcc,claude-code,,"2025-11-28 12:13:24.342498",1764844525.4079,6,0,0,,0,,"2025-11-28 11:13:24",,,standard
65eed5dc-1098-4f09-9e24-6bf8053f0d59,mini-agent,,"2025-11-28 21:06:06.828816",1764844525.4079,5,0,0,,0,,"2025-11-28 20:06:06",,,standard
b61e54b9-d7d0-4389-9a4f-21b61ce3e0e4,mini-agent,,"2025-11-28 21:06:28.964152",1764844525.4079,5,0,0,,0,,"2025-11-28 20:06:28",,,standard
1541ab86-dd85-44fa-8055-73c9631b5834,mini-agent,,"2025-11-28 21:06:32.676705",1764844525.4079,5,0,0,,0,,"2025-11-28 20:06:32",,,standard
df2ba3c8-bf4c-4c3c-9153-cb489d9eec79,mini-agent-continue,,"2025-11-28 21:22:09.638018",1764844525.4079,6,0,0,,0,,"2025-11-28 20:22:09",,,standard
6e973124-3827-4575-8b02-d08d0cb1491f,mini-agent,,"2025-11-28 21:22:38.951944",1764844525.4079,5,0,0,,0,,"2025-11-28 20:22:38",,,standard
d5205253-e7bf-43fc-90a0-8dda5038baf1,mini-agent-env-fix,,"2025-11-28 23:33:59.105589",1764844525.4079,6,0,0,,0,,"2025-11-28 22:33:59",,,standard
81680897-81a9-45c8-8153-168b20f1d168,test_agent_complete_workflow,,"2025-11-28 23:36:12.859297",1764844525.4079,6,0,0,,0,,"2025-11-28 22:36:12",,,standard
6962a55a-6d0d-4eae-a3ff-2ae87b4dac9d,test_agent_complete_workflow,,"2025-11-28 23:36:18.724036",1764844525.4079,6,0,0,,0,,"2025-11-28 22:36:18",,,standard
fd10c444-43e8-49cf-b3aa-db0b39ad6554,mini-agent,,"2025-11-28 23:37:08.566315",1764844525.4079,6,0,0,,0,,"2025-11-28 22:37:08",,,standard
00c77f50-9c75-4b4a-a0da-b9862f0b62e3,test_agent_complete_workflow,,"2025-11-28 23:37:41.516574",1764844525.4079,6,0,0,,0,,"2025-11-28 22:37:41",,,standard
d5dbd433-cc15-4728-8416-e8c5fca7da3e,test_agent_complete_workflow,,"2025-11-28 23:37:49.811490",1764844525.4079,6,0,0,,0,,"2025-11-28 22:37:49",,,standard
0cdfe289-f46c-48c2-a08e-3595d61e6f59,test_agent_complete_workflow,,"2025-11-28 23:41:20.006986",1764844525.4079,6,0,0,,0,,"2025-11-28 22:41:20",,,standard
aeec4100-58b3-4f69-b519-b9a708882969,test_mcp_integration,,"2025-11-28 23:41:39.207607",1764844525.4079,6,0,0,,0,,"2025-11-28 22:41:39",,,standard
88ba7e4d-3ca1-4ee5-b12e-0d7f5587e87e,test_mcp_integration,,"2025-11-28 23:41:43.654627",1764844525.4079,6,0,0,,0,,"2025-11-28 22:41:43",,,standard
555bd60a-b474-468a-8984-8f607f1afc9b,mini-agent,,"2025-11-29 11:10:14.647717",1764844525.4079,6,0,0,,0,,"2025-11-29 10:10:14",,,standard
84d7b037-cadd-4ed8-b2c1-63907913b9cc,mini-agent,,"2025-11-29 11:43:22.611037",1764844525.4079,6,0,0,,0,,"2025-11-29 10:43:22",,,standard
c4d89c72-f5a4-4ef5-a59f-b16bdfda91d5,rovodev-claude,,"2025-11-29 12:44:50.746845",1764844525.4079,6,0,0,,0,,"2025-11-29 11:44:50",,,standard
9ba0f837-7abf-42ae-990a-7d19cdf2f699,empirica_tester,,"2025-11-29 18:17:55.268376",1764844525.4079,6,0,0,,0,,"2025-11-29 17:17:55",,,standard
9548e8ef-8b46-4fde-9de5-41ce467239f6,fix-warnings,,"2025-11-29 19:39:42.564917",1764844525.4079,6,0,0,,0,,"2025-11-29 18:39:42",,,standard
dc4380bf-5773-4223-af52-d3f21a2ffc2e,rovodev-claude,,"2025-12-01 11:48:24.395688",1764844525.4079,6,0,0,,0,,"2025-12-01 10:48:24",,,standard
5c6e00d1-f441-4112-be78-072dd8464fc8,claude-code,,"2025-12-01 15:05:12.723402",1764844525.4079,6,0,0,,0,,"2025-12-01 14:05:12",,,standard
12ced9c9-e40b-4568-86b1-e09b7b46f01d,qwen-code,,"2025-12-01 15:43:08.894211",1764844525.4079,6,0,0,,0,,"2025-12-01 14:43:08",,,standard
e908e438-1112-40b1-a878-bf3a6ed229e0,test_minimax,,"2025-12-01 16:35:46.888458",1764844525.4079,12,0,0,,0,,"2025-12-01 15:35:46",,,standard
395924a3-69de-48db-a318-08324af0432f,test_agent,,"2025-12-01 16:52:10.871141",1764844525.4079,6,0,0,,0,,"2025-12-01 15:52:10",,,standard
bcd27506-c686-468b-8ace-babc97ec0706,test_agent,,"2025-12-01 16:52:11.022902",1764844525.4079,6,0,0,,0,,"2025-12-01 15:52:11",,,standard
b90e8cb1-d2bf-4624-badc-8099cfd0445c,test_agent,,"2025-12-01 16:53:02.804864",1764844525.4079,6,0,0,,0,,"2025-12-01 15:53:02",,,standard
075e4969-875d-4f67-adb0-4063006fc616,test_agent,,"2025-12-01 16:53:02.956179",1764844525.4079,6,0,0,,0,,"2025-12-01 15:53:02",,,standard
fdeb17fb-76a8-4c77-842a-b057363f650a,test_agent,,"2025-12-01 16:53:09.676311",1764844525.4079,6,0,0,,0,,"2025-12-01 15:53:09",,,standard
9ab74fca-aa0e-4255-afc7-2cc023641f3f,test_agent,,"2025-12-01 16:53:09.831166",1764844525.4079,6,0,0,,0,,"2025-12-01 15:53:09",,,standard
827e0f54-b6af-4c43-8238-32811fd4765b,empirica_ai,,"2025-12-01 16:53:51.011279",1764844525.4079,0,0,0,,0,,"2025-12-01 15:53:51",,,standard
a63588d8-f260-45cb-9a39-b281329a4ab1,empirica_ai,,"2025-12-01 16:55:22.449370",1764844525.4079,0,0,0,,0,,"2025-12-01 15:55:22",,,standard
433f5bca-6db8-448a-98d4-b2294034beff,empirica_ai,,"2025-12-01 17:02:06.839548",1764844525.4079,0,0,0,,0,,"2025-12-01 16:02:06",,,standard
13e25442-2280-4aa7-8f76-ba629a15ed3c,test_agent,,"2025-12-01 17:05:17.074496",1764844525.4079,6,0,0,,0,,"2025-12-01 16:05:17",,,standard
c83c8074-f702-4e6b-b841-baf7da527959,test_agent,,"2025-12-01 17:05:17.232640",1764844525.4079,6,0,0,,0,,"2025-12-01 16:05:17",,,standard
64d49d60-ecc7-4e04-9c73-e91fdd4eb186,copilot-claude,,"2025-12-01 17:10:48.674182",1764844525.4079,6,0,0,,0,,"2025-12-01 16:10:48",,,standard
d8e62559-3f7e-4806-b78e-f82968162594,copilot,,"2025-12-02 13:31:00.205943",1764844525.4079,6,0,0,,0,,"2025-12-02 12:31:00",,,standard
21fe1710-5926-45a9-a447-64b5f0558a3c,claude,,"2025-12-02 13:52:18.922594",1764844525.4079,6,0,0,,0,,"2025-12-02 12:52:18",,,standard
e7ff7642-f9c5-4f29-b19e-dbc94741fa7d,copilot-claude,,"2025-12-02 13:54:12.114753",1764844525.4079,6,0,0,,0,,"2025-12-02 12:54:12",,,standard
87e25297-2ed6-4f54-867d-2b73c9ade182,claude-empirica-refactor,,"2025-12-03 12:35:43.275566",1764844525.4079,6,0,0,,0,,"2025-12-03 11:35:43",,,standard
6abe16b2-188e-4b1f-8ce8-9b28fc4d2f2e,claude-issue-investigation,,"2025-12-03 12:46:35.065215",1764844525.4079,6,0,0,,0,,"2025-12-03 11:46:35",,,standard
5a6823e6-8f2a-4450-af9c-afd87ae73416,distribution-architect,,"2025-12-03 12:50:43.853215",1764844525.4079,6,0,0,,0,,"2025-12-03 11:50:43",,,standard
9d971607-0d1b-4c76-bf38-3329f0df81eb,claude-empirica-meta-fix,,"2025-12-03 12:59:12.681357",1764844525.4079,6,0,0,,0,,"2025-12-03 11:59:12",,,standard
310c6bbd-e89f-415a-ba17-d65227cf24e1,claude-architecture-thinking,,"2025-12-03 13:23:47.526718",1764844525.4079,6,0,0,,0,,"2025-12-03 12:23:47",,,standard
6ac2927d-d017-45e3-a034-89b81201019e,claude-phase2-refactor,,"2025-12-03 13:33:26.263880",1764844525.4079,6,0,0,,0,,"2025-12-03 12:33:26",,,standard
ddb3ea22-c42f-4b74-8526-9c7dda8b5096,claude-findings-storage,,"2025-12-03 13:49:03.408894",1764844525.4079,6,0,0,,0,,"2025-12-03 12:49:03",,,standard
c0092fa8-bc14-40fb-b2eb-4ceb715ffd13,claude-structured-refs,,"2025-12-03 15:01:56.499612",1764844525.4079,6,0,0,,0,,"2025-12-03 14:01:56",,,standard
9fc34143-7763-422c-90b8-b37a28ffab3f,claude-code,,"2025-12-03 15:39:50.021873",1764844525.4079,6,0,0,,0,,"2025-12-03 14:39:50",,,standard
90174cfc-f8ad-4f1f-a914-387fda73807a,claude-cli-json-db-fix,,"2025-12-03 15:50:15.057348",1764844525.4079,6,0,0,,0,,"2025-12-03 14:50:15",,,standard
b1258539-c114-493f-b185-1dfd5c15d7e4,claude-dev-distribution,,"2025-12-03 16:02:31.385457",1764844525.4079,6,0,0,,0,,"2025-12-03 15:02:31",,,standard
1df1cc21-5e0b-4e39-a98f-cce5fd84be24,claude-code,,"2025-12-03 19:24:54.754150",1764844525.4079,6,0,0,,0,,"2025-12-03 18:24:54",,,standard
68ae41bb-7bfe-4aa4-bd8a-72a4d4cb1316,claude-code,,"2025-12-03 20:28:09.008770",1764844525.4079,6,0,0,,0,,"2025-12-03 19:28:09",,,standard
1da76aa9-d3eb-4ad4-998a-1e3051b2d612,claude-dev-testing,,"2025-12-04 11:57:31.316820",1764856204.83171,6,0,0,,0,,"2025-12-04 10:57:31",,,standard
352e888e-36d1-4fbc-829a-44a7379b3f68,claude-code,,"2025-12-04 12:18:07.603276",1764856204.83171,6,0,0,,0,,"2025-12-04 11:18:07",,,standard
439220dd-6f23-4b50-826d-14d13037fd63,final-test,,"2025-12-04 13:29:27.496051",1764856204.83171,0,0,0,,0,,"2025-12-04 12:29:27",,,standard
8d8f7598-027c-44c3-aa04-8f823c39eff2,final-test-2,,"2025-12-04 13:29:27.518584",1764856204.83171,0,0,0,,0,,"2025-12-04 12:29:27",,,standard
5bf01d6c-aa03-4992-acfd-e950838d2e1d,final-test,,"2025-12-04 14:56:22.332822",1764856724.35809,6,0,0,,0,,"2025-12-04 13:56:22",,,standard
cd725eec-6252-4357-b052-ac899951c18b,integration-test,,"2025-12-04 14:58:59.285343",,6,0,0,,0,,"2025-12-04 13:58:59",,,standard
6c3bac1d-3f34-4322-939e-9b3a42687345,claude-code,,"2025-12-04 15:02:02.434131",,6,0,0,,0,,"2025-12-04 14:02:02",,,standard
71cb0bc3-d0da-4467-a157-589f034046df,final-verification,,"2025-12-04 15:07:35.125876",,6,0,0,,0,,"2025-12-04 14:07:35",,,standard
291e0f6d-5361-4412-ad21-bd0162881446,claude-code,,"2025-12-04 15:09:16.734339",,6,0,0,,0,,"2025-12-04 14:09:16",,,standard
527f500f-db89-485a-9153-2b5c5f7fa32f,claude-code,,"2025-12-04 15:25:01.946696",,6,0,0,,0,,"2025-12-04 14:25:01",,,standard
52904205-97fa-49a0-a92b-4039830ffe61,storage-flow-test,,"2025-12-04 15:36:47.119645",,6,0,0,,0,,"2025-12-04 14:36:47",,,standard
32f731b7-774d-4c6b-93e5-01d29cc05661,storage-flow-test,,"2025-12-04 15:36:47.945658",,6,0,0,,0,,"2025-12-04 14:36:47",,,standard
60acc096-8886-477c-a5ba-f0a628c1495f,storage-flow-test,,"2025-12-04 15:36:48.574713",,6,0,0,,0,,"2025-12-04 14:36:48",,,standard
26813d0c-9731-4909-9aa7-294872849ee6,storage-flow-test,,"2025-12-04 15:36:49.242268",,6,0,0,,0,,"2025-12-04 14:36:49",,,standard
18a26faa-47c9-4c72-9bbd-c6eff958adce,storage-flow-test,,"2025-12-04 15:36:50.233086",,6,0,0,,0,,"2025-12-04 14:36:50",,,standard
662ca793-3c12-417c-bce9-11d9e91ebfbc,test_mcp_integration,,"2025-12-04 15:37:14.913789",,6,0,0,,0,,"2025-12-04 14:37:14",,,standard
28e3699a-8fcd-4afd-ac39-2d625d97f0fc,test_agent,,"2025-12-04 15:37:26.027550",,6,0,0,,0,,"2025-12-04 14:37:26",,,standard
21eebd95-58d3-4f8f-8ada-c1697c135028,final-check,,"2025-12-04 15:40:55.241848",,6,0,0,,0,,"2025-12-04 14:40:55",,,standard
b7cf54b9-7eef-43e4-8baa-ec1b4413587e,storage-flow-test,,"2025-12-04 19:45:54.957975",,6,0,0,,0,,"2025-12-04 18:45:54",,,standard
e3729588-02f1-4abe-a7dc-3d531d5dcab9,storage-flow-test,,"2025-12-04 19:45:55.789558",,6,0,0,,0,,"2025-12-04 18:45:55",,,standard
717e9e07-94b0-4e5c-a9fc-62eeaae28e31,storage-flow-test,,"2025-12-04 19:45:56.446846",,6,0,0,,0,,"2025-12-04 18:45:56",,,standard
b317b166-abb5-4684-bc2c-dc67ee15aa66,storage-flow-test,,"2025-12-04 19:45:57.123280",,6,0,0,,0,,"2025-12-04 18:45:57",,,standard
7f4264d0-451e-4744-bd6b-8110e280f63f,storage-flow-test,,"2025-12-04 19:45:58.026677",,6,0,0,,0,,"2025-12-04 18:45:58",,,standard
d1f2f386-ae07-41c6-8660-337c5b009f7b,claude-sonnet,,"2025-12-04 20:04:53.574067",,6,0,0,,0,,"2025-12-04 19:04:53",,,standard
5b0cc98a-ab2f-4427-9636-30dd8c6b3e01,claude-code,,"2025-12-04 20:39:01.060213",,0,0,0,,0,,"2025-12-04 19:39:01",,,standard
5da47959-198e-43be-8b2b-5150e16f6a8b,claude-code,,"2025-12-04 20:40:57.575951",,0,0,0,,0,,"2025-12-04 19:40:57",,,standard
b1d028dc-5650-43a4-872b-7871da1789ba,claude-sonnet,,"2025-12-04 20:42:02.994516",,0,0,0,,0,,"2025-12-04 19:42:02",,,standard
815d2e9b-8992-4313-82b3-43cd3ee74b9d,claude-code,,"2025-12-04 21:30:41.608234",,0,0,0,,0,,"2025-12-04 20:30:41",,,standard
4965f4ef-86f9-4516-8af6-79ef8c71a144,claude-code,,"2025-12-04 21:33:15.149830",,0,0,0,,0,,"2025-12-04 20:33:15",,,standard
6bca68cc-cd59-48ac-941c-4b535be29639,claude-code,,"2025-12-04 21:35:15.091988",,0,0,0,,0,,"2025-12-04 20:35:15",,,standard
7a934dda-53f5-4d26-a08d-3e9cb5390fed,claude-sonnet,,"2025-12-04 21:35:15.728661",,0,0,0,,0,,"2025-12-04 20:35:15",,,standard
62729977-4b25-430c-ab92-0d355260ee66,claude-code,,"2025-12-04 21:35:34.249978",,0,0,0,,0,,"2025-12-04 20:35:34",,,standard
406ed13a-2ef3-47ad-b1c1-59c0a46e7015,claude-sonnet,,"2025-12-04 21:35:34.890962",,0,0,0,,0,,"2025-12-04 20:35:34",,,standard
988e16e2-6a3f-45fa-9b66-8f0491a1f1f2,claude-code,,"2025-12-04 21:35:59.620593",,0,0,0,,0,,"2025-12-04 20:35:59",,,standard
42710908-b564-4b23-a61e-c3e86a9f9098,claude-sonnet,,"2025-12-04 21:36:00.260167",,0,0,0,,0,,"2025-12-04 20:36:00",,,standard
b923f5fb-bd24-4937-975e-1b92526303e9,qwen-code,,"2025-12-04 21:36:00.907978",,0,0,0,,0,,"2025-12-04 20:36:00",,,standard
63a5bdf6-3df9-4c8a-9f14-5949bb0edf3d,claude-code,,"2025-12-04 21:37:34.827431",,0,0,0,,0,,"2025-12-04 20:37:34",,,standard
7e28f581-b05f-4af1-85d0-86ef809d1e0c,claude-code,,"2025-12-04 21:42:00.556034",,0,0,0,,0,,"2025-12-04 20:42:00",,,standard
5df2737a-4554-46ab-baf2-69bcdbd0242f,claude-code,,"2025-12-04 21:42:00.597785",,0,0,0,,0,,"2025-12-04 20:42:00",,,standard
fec7ac41-233c-4162-a1d0-c54c1562fb6d,claude-code,,"2025-12-04 21:48:54.073398",,0,0,0,,0,,"2025-12-04 20:48:54",,,standard
27b8a440-b487-410f-9b9f-4b4d68bb8bf6,claude-code,,"2025-12-04 21:49:16.007306",,0,0,0,,0,,"2025-12-04 20:49:16",,,standard
450358e5-9539-49e2-9d3f-1323458b8c3f,claude-code,,"2025-12-04 21:49:44.045772",,0,0,0,,0,,"2025-12-04 20:49:44",,,standard
863bb5b0-80e5-4afd-aa77-3dbe640f54a8,claude-code,,"2025-12-04 21:50:32.346745",,0,0,0,,0,,"2025-12-04 20:50:32",,,standard
0df81045-275b-40eb-80a1-e84a1847fdb3,debug-test,,"2025-12-04 21:50:48.515265",,0,0,0,,0,,"2025-12-04 20:50:48",,,standard
f72883cf-a911-4a42-85ba-70a8e798ecb9,claude-code,,"2025-12-04 21:51:07.703245",,0,0,0,,0,,"2025-12-04 20:51:07",,,standard
54706b1d-850b-4786-9e88-a192cdb33519,test_agent,,"2025-12-05 12:39:12.749801",,6,0,0,,0,,"2025-12-05 11:39:12",,,standard
807ba263-6615-45b9-ac7d-fc961ad5bdb2,test_agent,,"2025-12-05 12:39:12.926466",,6,0,0,,0,,"2025-12-05 11:39:12",,,standard
b1a359d9-dc9f-4db4-8321-84577495bea3,test_agent,,"2025-12-05 12:40:32.479481",,6,0,0,,0,,"2025-12-05 11:40:32",,,standard
64710179-0b45-4542-bdab-a90695a46599,test_agent,,"2025-12-05 12:42:09.644380",,6,0,0,,0,,"2025-12-05 11:42:09",,,standard
1ce7a677-cdd6-4c31-a16b-725c1a4ed084,test_agent,,"2025-12-05 12:42:09.856045",,6,0,0,,0,,"2025-12-05 11:42:09",,,standard
2c5b24c3-a6fd-48da-a516-8dfda8341f0b,test_agent,,"2025-12-05 12:42:10.157495",,6,0,0,,0,,"2025-12-05 11:42:10",,,standard
5b7ebf5a-9f7d-44b9-874e-5d758465139c,test_agent,,"2025-12-05 12:42:34.445687",,6,0,0,,0,,"2025-12-05 11:42:34",,,standard
6fa56eb4-2646-403c-b596-32b2ef3a2549,test_agent,,"2025-12-05 12:42:34.606641",,6,0,0,,0,,"2025-12-05 11:42:34",,,standard
e6869ffc-0d5f-454e-ba77-7277a9642b59,test_agent,,"2025-12-05 12:42:34.899297",,6,0,0,,0,,"2025-12-05 11:42:34",,,standard
63daadce-5c62-4939-b073-331cb9c1e0c1,storage-flow-test,,"2025-12-05 12:43:10.841432",,6,0,0,,0,,"2025-12-05 11:43:10",,,standard
c0202672-cd5f-4b02-af42-0ebdaac1298f,storage-flow-test,,"2025-12-05 12:43:11.653363",,6,0,0,,0,,"2025-12-05 11:43:11",,,standard
8f810a65-8247-4dc1-b635-c948119f9d1f,storage-flow-test,,"2025-12-05 12:43:12.302408",,6,0,0,,0,,"2025-12-05 11:43:12",,,standard
25fe6b29-db54-40c6-af2c-6cd7c9c09a0e,storage-flow-test,,"2025-12-05 12:43:12.958514",,6,0,0,,0,,"2025-12-05 11:43:12",,,standard
e4ce25bd-ea4f-45f4-99d3-6c0da2d66177,storage-flow-test,,"2025-12-05 12:43:13.844268",,6,0,0,,0,,"2025-12-05 11:43:13",,,standard
5afb289b-25cb-4edf-b740-36338b00ad5c,test_mcp_integration,,"2025-12-05 12:44:08.149532",,6,0,0,,0,,"2025-12-05 11:44:08",,,standard
272d6e0d-073f-4f39-93bd-769a7ae1b56e,test_continuity,,"2025-12-05 12:44:08.511252",,6,0,0,,0,,"2025-12-05 11:44:08",,,standard
ced06569-8085-4342-be97-04850b16f797,test_epistemic_state,,"2025-12-05 12:44:08.811182",,6,0,0,,0,,"2025-12-05 11:44:08",,,standard
adcd76ad-d8d7-45fe-ac40-34f87a9d1690,test_investigation,,"2025-12-05 12:44:09.465359",,6,0,0,,0,,"2025-12-05 11:44:09",,,standard
d5e37354-1baa-47d6-b882-bcef9b997bb2,test_continuity,,"2025-12-05 12:47:09.487664",,6,0,0,,0,,"2025-12-05 11:47:09",,,standard
58d9c742-b7e3-48c3-b0db-179d20bf63aa,test_epistemic_state,,"2025-12-05 12:47:09.854104",,6,0,0,,0,,"2025-12-05 11:47:09",,,standard
6e6a7175-60fc-4766-83a6-93b1d3d95069,test_mcp_integration,,"2025-12-05 12:47:15.847870",,6,0,0,,0,,"2025-12-05 11:47:15",,,standard
809cac1b-9f10-4333-83d2-f29535366e04,test_agent,,"2025-12-05 12:47:47.159155",,6,0,0,,0,,"2025-12-05 11:47:47",,,standard
ce2f80dd-eb33-4ca6-93fb-18ef23d99884,test_agent,,"2025-12-05 12:48:38.891928",,6,0,0,,0,,"2025-12-05 11:48:38",,,standard
d658a173-1d85-4ccd-b425-aca552ae1f60,test_mcp_integration,,"2025-12-05 12:49:50.405009",,6,0,0,,0,,"2025-12-05 11:49:50",,,standard
2cfbf0a0-d23d-45ab-ba91-6b484d3b8d04,test_mcp_integration,,"2025-12-05 15:43:30.151223",,6,0,0,,0,,"2025-12-05 14:43:30",,,standard
db3d7b2b-7ad6-40ec-9e11-e501cd78a85a,test_mcp_integration,,"2025-12-05 15:43:35.724048",,6,0,0,,0,,"2025-12-05 14:43:35",,,standard
d62468c6-cd97-4366-af2c-56d43d36c416,test_mcp_integration,,"2025-12-05 15:44:10.725912",,6,0,0,,0,,"2025-12-05 14:44:10",,,standard
bc335429-ae01-48b2-8e72-c006b75c69ef,test_agent,,"2025-12-05 15:44:25.630797",,6,0,0,,0,,"2025-12-05 14:44:25",,,standard
a73a6009-49c7-47b4-bc5a-183e9eff05d1,test_mcp_integration,,"2025-12-05 15:45:57.506211",,6,0,0,,0,,"2025-12-05 14:45:57",,,standard
c71117ea-e583-44eb-9ba9-4567ab7d8122,test_mcp_integration,,"2025-12-05 20:22:57.285632",,6,0,0,,0,,"2025-12-05 19:22:57",,,standard
21acedfe-4040-4a4b-bd9d-baa1f42fa059,test_mcp_integration,,"2025-12-05 20:23:36.388645",,6,0,0,,0,,"2025-12-05 19:23:36",,,standard
3684797e-7921-452e-a3ba-f34ace02c7ab,test_continuity,,"2025-12-05 20:23:37.693835",,6,0,0,,0,,"2025-12-05 19:23:37",,,standard
c2481379-e846-4a9c-ad5c-2c413a99125d,test_epistemic_state,,"2025-12-05 20:23:37.990835",,6,0,0,,0,,"2025-12-05 19:23:37",,,standard
ed68749e-12f0-49ce-9d12-c2ecb49ca092,test_investigation,,"2025-12-05 20:23:38.648070",,6,0,0,,0,,"2025-12-05 19:23:38",,,standard
b8d94485-31f5-4f6a-bab1-47f9b022504f,test_agent,,"2025-12-05 20:24:27.703604",,6,0,0,,0,,"2025-12-05 19:24:27",,,standard
ae41fc0c-a354-478f-a098-6c03b489dbdb,test_agent,,"2025-12-05 20:24:27.862743",,6,0,0,,0,,"2025-12-05 19:24:27",,,standard
c6c354dd-cb45-4e96-9370-2160fe6d9886,test_agent,,"2025-12-05 20:24:28.147155",,6,0,0,,0,,"2025-12-05 19:24:28",,,standard
fa9765e6-2db5-469e-a4ac-c062d2711247,storage-flow-test,,"2025-12-05 20:24:28.662272",,6,0,0,,0,,"2025-12-05 19:24:28",,,standard
35140a1e-470d-4929-a006-12e5aa5d6732,storage-flow-test,,"2025-12-05 20:24:29.454430",,6,0,0,,0,,"2025-12-05 19:24:29",,,standard
8bedaffe-c214-404b-a298-e943ad554d65,storage-flow-test,,"2025-12-05 20:24:30.098470",,6,0,0,,0,,"2025-12-05 19:24:30",,,standard
a21cb0d1-533c-4cba-a30e-17f9610fa304,storage-flow-test,,"2025-12-05 20:24:30.757275",,6,0,0,,0,,"2025-12-05 19:24:30",,,standard
6ddeda3b-e1b5-4d9d-9dd8-06133591c724,storage-flow-test,,"2025-12-05 20:24:31.621836",,6,0,0,,0,,"2025-12-05 19:24:31",,,standard
5b59b263-ff00-409a-a157-df011c90a514,qwen-test-workflow,,"2025-12-06 16:45:19.480468",,6,0,0,,0,,"2025-12-06 15:45:19",,,standard
1b85aaa2-3471-48e7-a9a0-a20a9b4fb069,qwen-test-workflow,,"2025-12-06 16:45:52.421598",,6,0,0,,0,,"2025-12-06 15:45:52",,,standard
f01b5802-8234-4f4b-8b8b-472d2f2a00d1,qwen-test-workflow,,"2025-12-06 16:46:33.384375",,6,0,0,,0,,"2025-12-06 15:46:33",,,standard
e6c58477-2e2f-445f-95af-c77c126dd549,qwen-test-preflight,,"2025-12-06 16:48:06.715183",,6,0,0,,0,,"2025-12-06 15:48:06",,,standard
be7ad723-6695-466f-a7ba-7c2456554011,qwen-test-submit-preflight,,"2025-12-06 16:48:50.546264",,6,0,0,,0,,"2025-12-06 15:48:50",,,standard
6d216036-8967-48aa-8ad4-06e41cf5234b,qwen-test-database,,"2025-12-06 16:49:55.328555",,6,0,0,,0,,"2025-12-06 15:49:55",,,standard
496a4dce-78a9-45a6-a07e-68a4448e7b1c,qwen-test-goals,,"2025-12-06 16:54:00.205788",,6,0,0,,0,,"2025-12-06 15:54:00",,,standard
f5ca01e1-58e0-4630-ae58-9ab699db50fd,claude-docs-overhaul,,"2025-12-06 16:54:17.312374",,6,0,0,,0,,"2025-12-06 15:54:17",,,standard
8048ccde-69ac-4946-8a66-f0e1304f20a4,qwen-test-subtasks,,"2025-12-06 16:55:50.564518",,6,0,0,,0,,"2025-12-06 15:55:50",,,standard
eedb0364-f97f-4caf-807f-a32591e0a241,qwen-test-check,,"2025-12-06 16:58:10.134883",,6,0,0,,0,,"2025-12-06 15:58:10",,,standard
57eeb5aa-92f1-421d-a57f-e8a3a4a8d008,qwen-test-check-submit,,"2025-12-06 16:59:06.107917",,6,0,0,,0,,"2025-12-06 15:59:06",,,standard
a2e2ac87-1566-4576-8eb9-f2e8b51434af,qwen-test-postflight,,"2025-12-06 17:00:11.646232",,6,0,0,,0,,"2025-12-06 16:00:11",,,standard
e6191ae3-d15f-42bf-b3f9-fcb7a6a247c0,qwen-test-postflight-submit,,"2025-12-06 17:01:54.936619",,6,0,0,,0,,"2025-12-06 16:01:54",,,standard
3ed5f8ad-02c2-4360-b055-0d3d53520d5c,qwen-test-handoff,,"2025-12-06 17:05:35.880115",,6,0,0,,0,,"2025-12-06 16:05:35",,,standard
4630596b-831b-42e6-b4d6-dc2119b7af45,qwen-test-handoff-full,,"2025-12-06 17:06:46.924981",,6,0,0,,0,,"2025-12-06 16:06:46",,,standard
6f195c8e-c66a-46e0-9089-3a9db3c3338b,qwen-full-workflow-test,,"2025-12-06 17:11:01.678569",,6,0,0,,0,,"2025-12-06 16:11:01",,,standard
06e70c60-206b-4491-a6f6-e8ed74bd231b,claude-docs-deep-sweep,,"2025-12-06 18:44:16.597618",,6,0,0,,0,,"2025-12-06 17:44:16",,,standard
f3a61cfc-9d4d-455e-b88e-b3f3358f6a10,qwen-conf-weights-test,,"2025-12-06 19:06:22.416639",,6,0,0,,0,,"2025-12-06 18:06:22",,,standard
ea65ec1b-c217-44c9-b902-e6fd439658e8,claude-verification-dive,,"2025-12-06 20:38:06.129791",,6,0,0,,0,,"2025-12-06 19:38:06",,,standard
551347b3-6135-45f9-875a-e08fd1e81da7,handoff-final-test,,"2025-12-06 20:43:03.053610",,0,0,0,,0,,"2025-12-06 19:43:03",,,standard
52b412d6-7f52-484e-9382-b5d6b5da9c5e,continuity-test,,"2025-12-06 20:43:31.783477",,0,0,0,,0,,"2025-12-06 19:43:31",,,standard
eca45993-7d50-4111-86e6-eaf375dbc19d,continuity-test2,,"2025-12-06 20:43:54.204269",,0,0,0,,0,,"2025-12-06 19:43:54",,,standard
c139126f-d0d6-4c06-8d79-3adead8c3148,claude-final-doc-sweep,,"2025-12-06 21:23:00.662940",,6,0,0,,0,,"2025-12-06 20:23:00",,,standard
cb6ddf2c-756e-450d-a721-8392bf2bdb57,claude-final-cleanup,,"2025-12-06 22:06:29.960641",,6,0,0,,0,,"2025-12-06 21:06:29",,,standard
d6427568-3231-42a5-a112-3c85f552deac,claude-mcp-cli-validation-plan,,"2025-12-07 16:06:04.202963",,6,0,0,,0,,"2025-12-07 15:06:04",,,standard
bcd31d19-40b2-4917-80ae-95778f80048b,claude-mcp-cli-validation-exec,,"2025-12-07 16:25:42.721105",,6,0,0,,0,,"2025-12-07 15:25:42",,,standard
d2503dab-3c1c-4343-bec2-edb28aa0dfd0,workflow-integration-test,,"2025-12-07 16:59:13.478417",,6,0,0,,0,,"2025-12-07 15:59:13",,,standard
09264bcd-c5d5-4f43-94d6-ab79456b665c,workflow-integration-test,,"2025-12-07 17:00:44.705438",,6,0,0,,0,,"2025-12-07 16:00:44",,,standard
33c3d4cb-0ba0-409c-ba5c-f8bfd5bee258,rovodev-test-1765123896,,"2025-12-07 17:11:36.717567",,6,0,0,,0,,"2025-12-07 16:11:36",,,standard
b0d4dd56-115c-49c3-9b6f-b7a3d9603dbb,copilot-cli,,"2025-12-07 17:35:47.863378",,0,0,0,,0,,"2025-12-07 16:35:47",,,standard
4e7abfa2-8838-46ee-a2fd-aa077f054d65,rovodev-final-validation,,"2025-12-07 20:09:38.953218",,6,0,0,,0,,"2025-12-07 19:09:38",,,standard
93eefe69-339a-4a77-9a31-68049249f425,fix-test-full,,"2025-12-08 11:42:18.013747",,6,0,0,,0,,"2025-12-08 10:42:18",,,standard
940480a5-72b9-46eb-9a26-52db7192791c,copilot,,"2025-12-08 12:37:29.723497",,6,0,0,,0,,"2025-12-08 11:37:29",,,standard
c2064a95-cbcb-4e41-b053-b3a08287957b,rovodev-claude,,"2025-12-08 12:43:07.807357",,6,0,0,,0,,"2025-12-08 11:43:07",,,standard
79b55a8b-8d1f-46f5-9177-b029941c1bac,copilot,,"2025-12-08 12:50:22.671503",,6,0,0,,0,,"2025-12-08 11:50:22",,,standard
6e87e70f-f44e-4559-b2a8-668d31316e5a,copilot-cli,,"2025-12-08 12:57:11.319622",,6,0,0,,0,,"2025-12-08 11:57:11",,,standard
fe10d107-5d60-4615-8b5d-01c6dba4aa97,copilot-cli,,"2025-12-08 13:53:35.345470",,6,0,0,,0,,"2025-12-08 12:53:35",,,standard
79056dbf-ede3-4c94-9fdd-70071a9e10b2,copilot-test,,"2025-12-08 14:07:18.391297",,6,0,0,,0,,"2025-12-08 13:07:18",,,standard
d3712efd-8bc7-40a6-b35d-ebb3db039e35,rovodev-claude,,"2025-12-08 14:25:45.333985",,6,0,0,,0,,"2025-12-08 13:25:45",,,standard
fcefcad0-6787-4644-a0ae-e579a70a6bf5,copilot,,"2025-12-08 14:47:23.657551",,6,0,0,,0,,"2025-12-08 13:47:23",,,standard
41b18c0d-98a6-431c-8764-e7de6f9def87,rovodev-claude,,"2025-12-08 15:44:34.018079",,6,0,0,,0,,"2025-12-08 14:44:34",,,standard
d49d8540-acb5-4183-941b-44f9e945aba2,claude-code,,"2025-12-08 18:05:49.340901",,6,0,0,,0,,"2025-12-08 17:05:49",,,standard
35b7b739-a62e-4d17-8d29-b7c800ad1f28,claude-code,,"2025-12-09 14:10:56.314888",,6,0,0,,0,,"2025-12-09 13:10:56",,,standard
3247538d-f8a0-4715-8b90-80141669b0e1,claude-rovo-dev,,"2025-12-09 14:54:36.160861",,6,0,0,,0,,"2025-12-09 13:54:36",,,standard
3b26d237-8c91-48e6-adf5-b0527cf44957,claude-copilot,,"2025-12-09 19:07:09.039926",,6,0,0,,0,,"2025-12-09 18:07:09",,,standard
49f4486e-c475-401b-bb09-f6a7c83e034c,claude-rovo-dev,,"2025-12-09 19:48:02.566434",,6,0,0,,0,,"2025-12-09 18:48:02",3be592bd-651d-47f6-8dcd-eec78df7ebfd,,standard
3978cc40-f6c3-44de-98c0-da9b8ce482a5,claude-code,,"2025-12-09 22:00:29.807593",,6,0,0,,0,,"2025-12-09 21:00:29",,,standard
f7a09f00-b590-4685-aff4-20d29d1efebe,claude-code,,"2025-12-10 11:59:49.710180",,6,0,0,,0,,"2025-12-10 10:59:49",,,standard
8a10f5b1-eb5c-4e1e-b05f-53d989808ade,claude-code,,"2025-12-10 12:03:36.593424",,6,0,0,,0,,"2025-12-10 11:03:36",,,standard
e0a9b0e6-ea8a-422f-86c8-049df16170d7,claude-code,,"2025-12-10 13:22:29.732110",,6,0,0,,0,,"2025-12-10 12:22:29",,,standard
5720c635-5189-4625-82be-9762c6d470ee,claude-rovo-dev,,"2025-12-10 13:55:47.416281",,6,0,0,,0,,"2025-12-10 12:55:47",,,standard
bf49f318-5357-4aee-83ac-194a3febec80,claude-rovo-dev,,"2025-12-10 13:55:47.595650",,6,0,0,,0,,"2025-12-10 12:55:47",3be592bd-651d-47f6-8dcd-eec78df7ebfd,,standard
5840b503-d821-4c12-9a37-9bd8c952c107,gpt-5,,"2025-12-10 14:17:03.049967",,6,0,0,,0,,"2025-12-10 13:17:03",,,standard
e205cca5-9b1d-4e68-9c3c-e971aeb76822,claude-code,,"2025-12-10 19:18:35.390185",,6,0,0,,0,,"2025-12-10 18:18:35",,,standard
49b4636b-2093-4f7f-86ad-ae124a693d08,claude-code,,"2025-12-10 22:23:03.346732",,6,0,0,,0,,"2025-12-10 21:23:03",ea2f33a4-d808-434b-b776-b7246bd6134a,,standard
d3c7dfd7-50aa-4a8d-b16c-9a4a24f9ed84,claude-code,,"2025-12-10 22:23:49.666613",,6,0,0,,0,,"2025-12-10 21:23:49",ea2f33a4-d808-434b-b776-b7246bd6134a,,standard
f77776bf-3850-4de1-aee8-9fb1c5393523,claude-code,,"2025-12-10 22:24:13.710499",,6,0,0,,0,,"2025-12-10 21:24:13",ea2f33a4-d808-434b-b776-b7246bd6134a,,standard
529dd691-101d-4222-a8af-b7087b0d04f0,claude-code,,"2025-12-10 22:33:16.922704",,6,0,0,,0,,"2025-12-10 21:33:16",ea2f33a4-d808-434b-b776-b7246bd6134a,,standard
94248a8a-a253-4cd6-8234-6bf18c454608,claude-code,,"2025-12-10 22:37:59.636382",,6,0,0,,0,,"2025-12-10 21:37:59",ea2f33a4-d808-434b-b776-b7246bd6134a,,standard
9890836e-ab92-4a05-8b63-58c5baefa979,claude-code,,"2025-12-10 22:38:04.530737",,6,0,0,,0,,"2025-12-10 21:38:04",ea2f33a4-d808-434b-b776-b7246bd6134a,,standard
69a70657-18c6-4b10-9269-3b9f7a5bd901,coordinator,,"2025-12-11 08:50:34.519753",,6,0,0,,0,,"2025-12-11 07:50:34",ea2f33a4-d808-434b-b776-b7246bd6134a,,standard
c4322866-a521-4bf5-b5ae-e686e8d0bf7d,rovodev-claude,,"2025-12-11 09:50:54.195519",,6,0,0,,0,,"2025-12-11 08:50:54",ea2f33a4-d808-434b-b776-b7246bd6134a,,standard
d0e5c233-8ca0-403d-a70c-12a158667b02,verify-test,,"2025-12-11 10:17:51.992632",,0,0,0,,0,,"2025-12-11 09:17:51",,,standard
d137a671-ed27-420d-afb0-51fa4de8e8e0,rovodev-claude,,"2025-12-11 10:51:32.789068",,6,0,0,,0,,"2025-12-11 09:51:32",ea2f33a4-d808-434b-b776-b7246bd6134a,,standard
b0f29289-72a7-41d7-bfda-17f234ff094f,rovodev-claude,,"2025-12-11 11:17:01.817794",,6,0,0,,0,,"2025-12-11 10:17:01",ea2f33a4-d808-434b-b776-b7246bd6134a,,standard
90a0c969-66cb-424f-906a-c18a89ec85f4,test,,"2025-12-11 11:19:21.838547",,6,0,0,,0,,"2025-12-11 10:19:21",ea2f33a4-d808-434b-b776-b7246bd6134a,,standard
c4557f4b-02c1-4d60-87f5-902ee804b487,claude-code,,"2025-12-11 11:20:33.550929",,6,0,0,,0,,"2025-12-11 10:20:33",ea2f33a4-d808-434b-b776-b7246bd6134a,,standard
2594b3d8-ef08-4344-812f-71fcaea09c9f,rovodev-claude,,"2025-12-11 11:30:23.566625",,6,0,0,,0,,"2025-12-11 10:30:23",ea2f33a4-d808-434b-b776-b7246bd6134a,,standard
92ed7948-16a8-4eef-901e-7b02b95b1440,rovodev-claude,,"2025-12-11 11:39:43.570448",,6,0,0,,0,,"2025-12-11 10:39:43",ea2f33a4-d808-434b-b776-b7246bd6134a,,standard
9419f88b-295e-4029-89c8-af1482ac5e24,rovodev-claude,,"2025-12-12 11:27:39.347630",,6,0,0,,0,,"2025-12-12 10:27:39",ea2f33a4-d808-434b-b776-b7246bd6134a,,standard
6b3749fd-0202-4a4e-837c-fba29c1b0cba,rovodev-claude,,"2025-12-12 12:57:47.236892",,6,0,0,,0,,"2025-12-12 11:57:47",ea2f33a4-d808-434b-b776-b7246bd6134a,,standard
c3174883-172b-4a2b-a760-917a7082d2cd,rovodev-claude,,"2025-12-12 13:10:00.068689",,6,0,0,,0,,"2025-12-12 12:10:00",ea2f33a4-d808-434b-b776-b7246bd6134a,,standard
1b0c569c-95ba-427b-9259-8cc7e68c93c4,rovodev-claude,,"2025-12-12 13:18:47.009955",,6,0,0,,0,,"2025-12-12 12:18:47",ea2f33a4-d808-434b-b776-b7246bd6134a,,standard
ebf6614d-a524-4acc-8fd4-4bfa6ca7c97d,rovodev-claude,,"2025-12-12 13:18:47.211203",,6,0,0,,0,,"2025-12-12 12:18:47",ea2f33a4-d808-434b-b776-b7246bd6134a,,standard
8d0efa1f-66b0-40b0-9508-ed0808877fc9,rovodev-claude,,"2025-12-12 13:24:53.032948",,6,0,0,,0,,"2025-12-12 12:24:53",ea2f33a4-d808-434b-b776-b7246bd6134a,,standard
66b132d5-96a2-4d7c-80ad-1525f301ccfe,rovodev-claude,,"2025-12-12 13:33:28.533127",,6,0,0,,0,,"2025-12-12 12:33:28",ea2f33a4-d808-434b-b776-b7246bd6134a,,standard
dfbe435c-6c30-460c-949d-8c4b8671b59b,rovodev-claude,,"2025-12-12 13:33:28.732956",,6,0,0,,0,,"2025-12-12 12:33:28",ea2f33a4-d808-434b-b776-b7246bd6134a,,standard
4299420e-b7f7-43ca-932d-95652501bc68,rovodev-claude,,"2025-12-12 13:44:20.161596",,6,0,0,,0,,"2025-12-12 12:44:20",ea2f33a4-d808-434b-b776-b7246bd6134a,,standard
b1fbee00-8bf0-4fd4-beaa-665252797607,rovodev-claude,,"2025-12-12 14:00:24.564121",,6,0,0,,0,,"2025-12-12 13:00:24",ea2f33a4-d808-434b-b776-b7246bd6134a,,standard
6ece406d-9d2c-426e-8614-b59d4673d57f,rovodev-claude,,"2025-12-12 14:17:25.160350",,6,0,0,,0,,"2025-12-12 13:17:25",ea2f33a4-d808-434b-b776-b7246bd6134a,,standard
3ecc49f7-45b8-4c1a-906b-5ace5ccd7987,rovodev-claude,,"2025-12-12 14:17:25.373227",,6,0,0,,0,,"2025-12-12 13:17:25",ea2f33a4-d808-434b-b776-b7246bd6134a,,standard
e42d533e-63d0-49b9-a450-e7a7687cfe7f,claude-code,,"2025-12-12 18:30:17.640162",,6,0,0,,0,,"2025-12-12 17:30:17",ea2f33a4-d808-434b-b776-b7246bd6134a,,standard
d5e6b646-fd3b-4645-8664-dabb310c994c,claude-code,,"2025-12-12 18:38:57.562051",,6,0,0,,0,,"2025-12-12 17:38:57",ea2f33a4-d808-434b-b776-b7246bd6134a,,standard
eca693cc-8c6d-4d6b-b7cd-2b85e3e13278,claude-code,,"2025-12-12 18:58:39.885287",,6,0,0,,0,,"2025-12-12 17:58:39",ea2f33a4-d808-434b-b776-b7246bd6134a,,standard
381d8c3b-c7da-4aae-8fc9-5c522e3ca2e6,claude-code,,"2025-12-12 19:03:23.065388",,6,0,0,,0,,"2025-12-12 18:03:23",ea2f33a4-d808-434b-b776-b7246bd6134a,,standard
80c4330a-7331-4d88-bf65-13be655bcbbe,claude-code,,"2025-12-12 19:13:02.562145",,6,0,0,,0,,"2025-12-12 18:13:02",ea2f33a4-d808-434b-b776-b7246bd6134a,,standard
0bcf96d8-ae03-4610-84b7-3ea8105ecc3e,claude-code,,"2025-12-12 19:25:33.505089",,6,0,0,,0,,"2025-12-12 18:25:33",ea2f33a4-d808-434b-b776-b7246bd6134a,,standard
d9b516c0-3fe5-4da8-91d6-4b57b4001e5b,claude-code,,"2025-12-12 19:31:19.342776",,6,0,0,,0,,"2025-12-12 18:31:19",ea2f33a4-d808-434b-b776-b7246bd6134a,,standard
70c11838-c3dd-472b-b7f9-188be2672d5d,claude-code,,"2025-12-12 19:39:27.502647",,6,0,0,,0,,"2025-12-12 18:39:27",ea2f33a4-d808-434b-b776-b7246bd6134a,,standard
af02552b-a894-430a-8f1d-ed0d6000bd87,gemini,,"2025-12-12 19:46:31.075821",,6,0,0,,0,,"2025-12-12 18:46:31",ea2f33a4-d808-434b-b776-b7246bd6134a,,standard
e7ef56ac-162d-4a32-995b-6e8b9fea055b,gemini,,"2025-12-12 20:15:54.297441",,6,0,0,,0,,"2025-12-12 19:15:54",ea2f33a4-d808-434b-b776-b7246bd6134a,,standard
03dbdb1d-3e77-4efb-891e-6153fe3505a9,gemini,,"2025-12-12 21:55:05.754047",,6,0,0,,0,,"2025-12-12 20:55:05",ea2f33a4-d808-434b-b776-b7246bd6134a,,standard
98527a63-349b-4302-8917-c881e06ae8db,claude-code,,"2025-12-13 16:12:45.401819",,6,0,0,,0,,"2025-12-13 15:12:45",ea2f33a4-d808-434b-b776-b7246bd6134a,,standard
6027f02d-7112-41c0-ad22-7b402ce80f01,claude-code,,"2025-12-13 17:15:43.307113",,6,0,0,,0,,"2025-12-13 16:15:43",ea2f33a4-d808-434b-b776-b7246bd6134a,,standard
5e22164f-b7a9-42cf-be0b-39e8376c73bb,claude-code,,"2025-12-13 20:05:38.389790",,6,0,0,,0,,"2025-12-13 19:05:38",ea2f33a4-d808-434b-b776-b7246bd6134a,,standard
895bf072-d348-47de-afa8-c73f692616cd,rovodev,,"2025-12-14 17:40:58.132272",,6,0,0,,0,,"2025-12-14 16:40:58",,,standard
4bb57fff-6fc0-4643-85f2-7286b7ded253,rovodev,,"2025-12-14 20:45:43.213833",,6,0,0,,0,,"2025-12-14 19:45:43",,,standard
ad33116f-43c1-4976-9bf6-f6a149b9210e,rovodev,,"2025-12-14 20:54:18.204512",,6,0,0,,0,,"2025-12-14 19:54:18",ea2f33a4-d808-434b-b776-b7246bd6134a,,standard
6ef91f75-fc74-4212-8d24-e7c060d1586f,rovodev,,"2025-12-14 21:06:13.478185",,6,0,0,,0,,"2025-12-14 20:06:13",ea2f33a4-d808-434b-b776-b7246bd6134a,,standard
4fe5c8c3-69f6-476c-af2b-9abb712c8c8c,rovodev,,"2025-12-14 21:20:28.074294",,6,0,0,,0,,"2025-12-14 20:20:28",ea2f33a4-d808-434b-b776-b7246bd6134a,,standard
e39c5ebc-1fb8-46b4-8651-2a6274f0491d,workflow-test,,"2025-12-15 14:23:44.042744",,6,0,0,,0,,"2025-12-15 13:23:44",ea2f33a4-d808-434b-b776-b7246bd6134a,,standard
68025438-441a-437c-91b6-df569335c3d9,uncertainty-workflow-test,,"2025-12-15 14:24:50.555144",,6,0,0,,0,,"2025-12-15 13:24:50",ea2f33a4-d808-434b-b776-b7246bd6134a,,standard
b89de0ce-5141-484a-98ac-6b9118811dbf,uncertainty-workflow-test,,"2025-12-15 14:25:23.047508",,6,0,0,,0,,"2025-12-15 13:25:23",ea2f33a4-d808-434b-b776-b7246bd6134a,,standard
7c8db2ce-1caa-4624-b37d-ed25b4001757,uncertainty-workflow-test,,"2025-12-15 14:26:03.517497",,6,0,0,,0,,"2025-12-15 13:26:03",ea2f33a4-d808-434b-b776-b7246bd6134a,,standard
82df9bd1-9861-4859-8a18-6d722840223a,rovodev,,"2025-12-15 14:26:09.749577",,6,0,0,,0,,"2025-12-15 13:26:09",ea2f33a4-d808-434b-b776-b7246bd6134a,,standard
0ca9d791-3ada-44a6-ab65-be36146005d4,copilot,,"2025-12-15 19:19:21.322442",,6,0,0,,0,,"2025-12-15 18:19:21",ea2f33a4-d808-434b-b776-b7246bd6134a,,standard
b257f71c-e7e2-4bb9-9fed-9ca0d6906a66,rovodev,,"2025-12-15 19:29:21.213134",,6,0,0,,0,,"2025-12-15 18:29:21",ea2f33a4-d808-434b-b776-b7246bd6134a,,standard
f4bcfbc9-d48a-4377-bae2-7cab10de6cac,agent-a,,"2025-12-15 21:33:45.723037",,6,0,0,,0,,"2025-12-15 20:33:45",ea2f33a4-d808-434b-b776-b7246bd6134a,,standard
8f343a8e-f1b3-44ba-8f8b-53a5cc3dd6ee,copilot,,"2025-12-15 21:50:46.937451",,6,0,0,,0,,"2025-12-15 20:50:46",ea2f33a4-d808-434b-b776-b7246bd6134a,,standard
f1476bd6-1311-4c56-8b5d-5b64f935bcb2,copilot,,"2025-12-15 22:25:52.294594",,6,0,0,,0,,"2025-12-15 21:25:52",ea2f33a4-d808-434b-b776-b7246bd6134a,,standard
b718c91c-1511-4540-aa3d-1f23347d4dbf,rovodev,,"2025-12-16 12:11:34.288838",,6,0,0,,0,,"2025-12-16 11:11:34",ea2f33a4-d808-434b-b776-b7246bd6134a,,standard
47ca44c4-6cb4-4337-abc8-d54fada340d1,agent-a,,"2025-12-16 12:41:56.867782",,6,0,0,,0,,"2025-12-16 11:41:56",ea2f33a4-d808-434b-b776-b7246bd6134a,,standard
bc9f14e4-04a7-4e92-b9a1-7ae9e90249ce,copilot,,"2025-12-16 14:42:46.212505",,6,0,0,,0,,"2025-12-16 13:42:46",ea2f33a4-d808-434b-b776-b7246bd6134a,,standard
08613290-4fdc-4262-8fa0-ec35c2fb297a,copilot,,"2025-12-16 20:31:27.910248",,6,0,0,,0,,"2025-12-16 19:31:27",ea2f33a4-d808-434b-b776-b7246bd6134a,,standard
c3eb10c2-40c9-443c-9e5d-f71fdf97152e,rovodev,,"2025-12-18 12:31:42.924809",,6,0,0,,0,,"2025-12-18 11:31:42",ea2f33a4-d808-434b-b776-b7246bd6134a,,standard
be73ded5-ddf0-4b97-9405-9279f3bd1762,claude-rovo-dev,,"2025-12-18 13:17:09.566712",,6,0,0,,0,,"2025-12-18 12:17:09",ea2f33a4-d808-434b-b776-b7246bd6134a,,standard
d40bb703-8752-4f93-a0a3-1ffccec3a59a,claude-rovo-dev,,"2025-12-18 13:26:36.430305",,6,0,0,,0,,"2025-12-18 12:26:36",ea2f33a4-d808-434b-b776-b7246bd6134a,,standard
b4f4a721-ada9-40c9-8082-dc501313d366,claude-sonnet,,"2025-12-18 13:31:44.049813",,6,0,0,,0,,"2025-12-18 12:31:44",ea2f33a4-d808-434b-b776-b7246bd6134a,,standard
bf159b16-2bba-488c-aef4-1f72a2716279,claude-rovo-dev,,"2025-12-18 14:12:08.762523",,6,0,0,,0,,"2025-12-18 13:12:08",ea2f33a4-d808-434b-b776-b7246bd6134a,,standard
ca131635-3b50-4aeb-8daf-2d4caa62b708,claude-rovo-dev,,"2025-12-18 14:32:40.713435",,6,0,0,,0,,"2025-12-18 13:32:40",ea2f33a4-d808-434b-b776-b7246bd6134a,,standard
1c565726-8b4e-49f8-9345-d8fa90f59145,claude-rovo-dev,,"2025-12-18 14:53:13.856164",,6,0,0,,0,,"2025-12-18 13:53:13",ea2f33a4-d808-434b-b776-b7246bd6134a,,standard
c65c9a1c-640d-4c29-b933-3e853822f1dd,claude-rovo-dev,,"2025-12-18 15:21:16.681218",,6,0,0,,0,,"2025-12-18 14:21:16",ea2f33a4-d808-434b-b776-b7246bd6134a,,standard
ec42a261-c99e-418c-b834-55115baafdd8,claude-rovo-dev,,"2025-12-18 15:47:51.319326",,6,0,0,,0,,"2025-12-18 14:47:51",ea2f33a4-d808-434b-b776-b7246bd6134a,,standard
23002c95-6582-4d45-88b1-e15c6efd1a33,claude-dev,,"2025-12-18 18:15:55.762133",,6,0,0,,0,,"2025-12-18 17:15:55",ea2f33a4-d808-434b-b776-b7246bd6134a,,standard
89773382-9ffa-46c8-a644-3de6fc87e32b,claude-code,,"2025-12-18 19:35:01.223800",,6,0,0,,0,,"2025-12-18 18:35:01",ea2f33a4-d808-434b-b776-b7246bd6134a,,standard
ea61febb-4bd9-4145-96aa-0ba97a50eefb,rovodev,,"2025-12-19 12:23:54.116136",,6,0,0,,0,,"2025-12-19 11:23:54",ea2f33a4-d808-434b-b776-b7246bd6134a,,standard
d3d07122-9c07-4af9-840e-96746bf96934,rovodev,,"2025-12-19 12:56:49.170510",,6,0,0,,0,,"2025-12-19 11:56:49",ea2f33a4-d808-434b-b776-b7246bd6134a,,standard
649849c5-8199-43c6-abce-0426fd8cd464,rovodev,,"2025-12-19 12:56:49.471843",,6,0,0,,0,,"2025-12-19 11:56:49",ea2f33a4-d808-434b-b776-b7246bd6134a,,standard
0c2f1a53-bbe8-4c07-bf3a-2948bbc8a477,final-test,,"2025-12-19 14:22:41.122461",,6,0,0,,0,,"2025-12-19 13:22:41",ea2f33a4-d808-434b-b776-b7246bd6134a,,standard
fcb9408f-a67e-4320-97b3-7ab5d4396a79,claude-market-research,,"2025-12-19 15:09:17.514447",,6,0,0,,0,,"2025-12-19 14:09:17",ea2f33a4-d808-434b-b776-b7246bd6134a,,standard
d8d6fa50-149c-4620-a9fc-9c04b79ca49a,claude-code,,"2025-12-19 19:58:42.573289",,6,0,0,,0,,"2025-12-19 18:58:42",ea2f33a4-d808-434b-b776-b7246bd6134a,,standard
951d3ccd-ee0f-4331-a9f4-1f55d52f271a,claude-code,,"2025-12-19 20:25:32.192664",,6,0,0,,0,,"2025-12-19 19:25:32",ea2f33a4-d808-434b-b776-b7246bd6134a,,standard
b3139518-3b96-4c6b-984b-d8320a519a07,rovodev,,"2025-12-20 10:16:44.685252",,6,0,0,,0,,"2025-12-20 09:16:44",ea2f33a4-d808-434b-b776-b7246bd6134a,,standard
f07338cd-1694-454c-85b3-c984e3a0f83d,claude-code,,"2025-12-20 11:08:39.827169",,6,0,0,,0,,"2025-12-20 10:08:39",ea2f33a4-d808-434b-b776-b7246bd6134a,,standard
ae16acaf-d68b-479d-8615-43978427f2a4,claude-code,,"2025-12-20 13:34:51.479114",,6,0,0,,0,,"2025-12-20 12:34:51",ea2f33a4-d808-434b-b776-b7246bd6134a,,standard
cf136a45-0417-46ca-b333-80c378767309,claude-code,,"2025-12-20 14:55:37.389889",,0,0,0,,0,,"2025-12-20 13:55:37",,,standard
d45e43b4-5941-43f6-932b-217a1de20957,claude-code,,"2025-12-20 14:55:45.112330",,0,0,0,,0,,"2025-12-20 13:55:45",,,standard
88ef28ee-c58e-4e79-a778-7d1aa61af4db,claude-code,,"2025-12-20 14:56:12.637085",,0,0,0,,0,,"2025-12-20 13:56:12",ea2f33a4-d808-434b-b776-b7246bd6134a,,standard
67fc3a2e-f9ea-4be4-9f07-67ce084275d5,claude-code,,"2025-12-20 14:56:27.690689",,0,0,0,,0,,"2025-12-20 13:56:27",ea2f33a4-d808-434b-b776-b7246bd6134a,,standard
e6cc5408-8dcf-4715-ae58-237aacdb678f,claude-code,,"2025-12-20 14:56:39.922912",,0,0,0,,0,,"2025-12-20 13:56:39",ea2f33a4-d808-434b-b776-b7246bd6134a,,standard
c66f64b1-a9e9-4390-9a57-6f11dc2bd357,claude-copilot,,"2025-12-20 15:59:00.491033",,6,0,0,,0,,"2025-12-20 14:59:00",ea2f33a4-d808-434b-b776-b7246bd6134a,,standard
81a9dfd3-3e5c-426c-a2d9-1ccefd02f4dd,claude-copilot,,"2025-12-20 16:02:57.958585",,6,0,0,,0,,"2025-12-20 15:02:57",ea2f33a4-d808-434b-b776-b7246bd6134a,,standard
c66359fe-a1d6-4df9-905e-ca1e0f874b04,claude-code,,"2025-12-20 19:54:57.945215",,0,0,0,,0,,"2025-12-20 18:54:57",ea2f33a4-d808-434b-b776-b7246bd6134a,,standard
5df6f334-09c7-4f07-bf1c-b135584df0e0,rovodev,,"2025-12-21 11:46:53.486391",,6,0,0,,0,,"2025-12-21 10:46:53",ea2f33a4-d808-434b-b776-b7246bd6134a,,standard
0554f1d4-88dd-4010-b82a-119535b9bcf8,rovo-investigator,,"2025-12-21 12:40:39.929846",,6,0,0,,0,,"2025-12-21 11:40:39",ea2f33a4-d808-434b-b776-b7246bd6134a,handoff-system-cleanup,standard
7ed8d6fa-d857-4d64-9af3-53406d2f483f,action-ai,,"2025-12-21 12:51:02.330736",,6,0,0,,0,,"2025-12-21 11:51:02",258aa934-a34b-4773-b1bb-96f429de6761,empirica-web-development,standard
6c7ae62d-9647-40ca-97f0-85402ca07b83,rovo-implementer,,"2025-12-21 13:40:10.214025",,6,0,0,,0,,"2025-12-21 12:40:10",ea2f33a4-d808-434b-b776-b7246bd6134a,token-savings-implementation,standard
45a42346-364e-467c-9b2f-d15a8de0c52c,qwen,,"2025-12-21 15:21:04.787173",,6,0,0,,0,,"2025-12-21 14:21:04",ea2f33a4-d808-434b-b776-b7246bd6134a,epistemic-shell-selection,standard
96b48706-28e1-46b0-b677-ed9d22e06b80,test,,"2025-12-21 19:24:59.770500",,6,0,0,,0,,"2025-12-21 18:24:59",ea2f33a4-d808-434b-b776-b7246bd6134a,,standard
65a3ed0a-858a-412a-a209-26cdd295787f,claude-test,,"2025-12-22 14:59:40.753682",,6,0,0,,0,,"2025-12-22 13:59:40",ea2f33a4-d808-434b-b776-b7246bd6134a,,standard
1e9530e5-0757-4f02-9738-cdd58a5272cb,claude-rovo-dev,,"2025-12-22 16:37:17.018026",,6,0,0,,0,,"2025-12-22 15:37:17",ea2f33a4-d808-434b-b776-b7246bd6134a,,standard
f62f7b77-d896-49e3-9659-e8526440dc08,claude-rovo-dev,,"2025-12-22 19:04:21.611769",,6,0,0,,0,,"2025-12-22 18:04:21",ea2f33a4-d808-434b-b776-b7246bd6134a,,standard
f729e984-71c9-4628-af2a-2415b6067224,claude-rovo-dev,,"2025-12-22 19:52:25.595643",,6,0,0,,0,,"2025-12-22 18:52:25",ea2f33a4-d808-434b-b776-b7246bd6134a,,standard
5ae26231-fee8-481c-9bfc-8a2828801ae2,qwen,,"2025-12-22 20:57:54.830247",,6,0,0,,0,,"2025-12-22 19:57:54",ea2f33a4-d808-434b-b776-b7246bd6134a,migrate-secrets-work-to-secrets-project,standard
5c25d3e3-38df-4678-a2fb-8f7b3c27c3f7,empirica-tester,,"2025-12-22 22:51:31.031817",,6,0,0,,0,,"2025-12-22 21:51:31",ea2f33a4-d808-434b-b776-b7246bd6134a,,standard
4ad3c5ca-730c-4067-a5aa-08bb6cf41685,cli-tester,,"2025-12-23 00:02:57.530340",,6,0,0,,0,,"2025-12-22 23:02:57",ea2f33a4-d808-434b-b776-b7246bd6134a,,standard
b6875d42-44ab-46ff-a286-8970d0f4ce5c,claude-rovo-dev-bootstrap-enhancement,,"2025-12-24 20:05:39.138158",,6,0,0,,0,,"2025-12-24 19:05:39",ea2f33a4-d808-434b-b776-b7246bd6134a,bootstrap-enhancement,standard
ad1c041c-545f-4e4e-b058-f8eeed570066,claude-rovo-dev-cli-audit,,"2025-12-24 20:20:27.803185",,6,0,0,,0,,"2025-12-24 19:20:27",ea2f33a4-d808-434b-b776-b7246bd6134a,cli-audit-cleanup,standard
5af37170-d6f3-4c4c-936c-940959419275,claude-rovo-dev-test-cleanup,,"2025-12-24 20:25:50.683400",,6,0,0,,0,,"2025-12-24 19:25:50",ea2f33a4-d808-434b-b776-b7246bd6134a,test-cleanup,standard
2226d0d1-9c50-49e2-bf1d-4a1fb80a6740,claude-rovo-dev-file-tree-awareness,,"2025-12-24 20:31:25.340348",,6,0,0,,0,,"2025-12-24 19:31:25",ea2f33a4-d808-434b-b776-b7246bd6134a,file-tree-awareness,standard
16d7176a-142d-48b9-b12b-dd9a820d68f3,claude-rovo-dev-goals-complete-fix,,"2025-12-24 20:37:35.659437",,6,0,0,,0,,"2025-12-24 19:37:35",ea2f33a4-d808-434b-b776-b7246bd6134a,goals-complete-bug-fix,standard
3c975414-1d74-4c3c-b026-86e875227eda,claude-rovo-dev-smart-check-prompts,,"2025-12-24 20:46:52.648428",,6,0,0,,0,,"2025-12-24 19:46:52",ea2f33a4-d808-434b-b776-b7246bd6134a,smart-check-prompts,standard
94058d00-f53a-47ff-ab27-ff86ff005fe6,claude-rovo-dev-flow-metrics-bootstrap,,"2025-12-24 20:53:04.580519",,6,0,0,,0,,"2025-12-24 19:53:04",ea2f33a4-d808-434b-b776-b7246bd6134a,flow-metrics-bootstrap-integration,standard
fbf6c2a7-e669-4169-83ec-1bcd73d87f4b,claude-rovo-dev-epistemic-environmental-awareness,,"2025-12-24 21:04:58.772571",,6,0,0,,0,,"2025-12-24 20:04:58",ea2f33a4-d808-434b-b776-b7246bd6134a,db-schema-structure-health,standard
8d9602e4-7885-40bf-94aa-6d8fab42b7cb,claude-rovo-dev-goal-tracking-cli-telemetry,,"2025-12-24 21:10:54.151220",,6,0,0,,0,,"2025-12-24 20:10:54",ea2f33a4-d808-434b-b776-b7246bd6134a,goal-tracking-cli-telemetry,standard
44bbc9f5-7873-4f68-b121-a62348ec6371,claude-rovo-dev-final-cleanup,,"2025-12-24 21:16:03.902951",,6,0,0,,0,,"2025-12-24 20:16:03",ea2f33a4-d808-434b-b776-b7246bd6134a,cli-deprecation-system-prompt-optimization,standard
527dcd06-3aea-41bd-a504-5c75d6c59eae,claude-rovo-dev-integration-testing,,"2025-12-24 21:19:40.395339",,6,0,0,,0,,"2025-12-24 20:19:40",ea2f33a4-d808-434b-b776-b7246bd6134a,integration-testing-todays-features,standard
f93ac5e2-3f51-474c-9563-2f036f789d3f,claude-rovo-dev-telemetry-integration,,"2025-12-24 21:23:10.532136",,6,0,0,,0,,"2025-12-24 20:23:10",ea2f33a4-d808-434b-b776-b7246bd6134a,cli-telemetry-integration-final-bug,standard
1a93332d-b92f-49a6-a843-c183e1bf6c40,rovodev-cleanup,,"2025-12-25 11:13:35.173794",,6,0,0,,0,,"2025-12-25 10:13:35",ea2f33a4-d808-434b-b776-b7246bd6134a,,standard
87feb8e1-895f-4dee-973c-1312cd44476a,rovodev-docs-cleanup,,"2025-12-25 11:34:18.583873",,6,0,0,,0,,"2025-12-25 10:34:18",ea2f33a4-d808-434b-b776-b7246bd6134a,,standard
b3384896-5f5e-4a9a-91d5-fdd92c865e2f,manual-test,,"2025-12-25 12:12:34.141960",,6,0,0,,0,,"2025-12-25 11:12:34",ea2f33a4-d808-434b-b776-b7246bd6134a,,standard
6c9301d1-cdac-48ce-a0fc-7148f3401e58,coverage-test,,"2025-12-25 12:13:36.952894",,6,0,0,,0,,"2025-12-25 11:13:36",ea2f33a4-d808-434b-b776-b7246bd6134a,,standard
6dde93fe-cc8e-4182-92c0-fe8c043c64b2,test,,"2025-12-25 12:36:29.510094",,6,0,0,,0,,"2025-12-25 11:36:29",ea2f33a4-d808-434b-b776-b7246bd6134a,,standard
dc5f9b9d-4281-4ecf-91ea-a59b5f2585e8,claude-cli-audit,,"2025-12-25 12:40:07.306182",,6,0,0,,0,,"2025-12-25 11:40:07",ea2f33a4-d808-434b-b776-b7246bd6134a,,standard
b197fbe6-dd55-4c00-a924-36ad1ef095d3,claude-code,,"2025-12-25 14:51:39.463086",,6,0,0,,0,,"2025-12-25 13:51:39",ea2f33a4-d808-434b-b776-b7246bd6134a,,standard
642dc2df-569a-4a25-8188-740e17a730ec,codestral,,"2025-12-25 16:50:00.274574",,6,0,0,,0,,"2025-12-25 15:50:00",ea2f33a4-d808-434b-b776-b7246bd6134a,,standard
80754d09-3bc6-4849-b6e6-e9de3f6da324,codestral,,"2025-12-25 16:52:16.093098",,6,0,0,,0,,"2025-12-25 15:52:16",ea2f33a4-d808-434b-b776-b7246bd6134a,,standard
884840aa-2771-4fdf-b5ee-4dd16cd3d281,codestral,,"2025-12-25 16:54:24.608154",,6,0,0,,0,,"2025-12-25 15:54:24",ea2f33a4-d808-434b-b776-b7246bd6134a,,standard
6c1d2387-f659-4546-8c1b-b5d562e60a03,qwen-testing,,"2025-12-25 17:10:36.840381",,6,0,0,,0,,"2025-12-25 16:10:36",ea2f33a4-d808-434b-b776-b7246bd6134a,,standard
d32b4ae4-3168-4446-b664-2477e5d73548,claude-code-verbose-fix,,"2025-12-25 23:23:59.834806",,6,0,0,,0,,"2025-12-25 22:23:59",ea2f33a4-d808-434b-b776-b7246bd6134a,,standard
8ddc7f2c-72fa-45d9-8036-cf341ca6b6fd,claude-code-hook-debug,,"2025-12-26 01:00:41.785228",,6,0,0,,0,,"2025-12-26 00:00:41",ea2f33a4-d808-434b-b776-b7246bd6134a,,standard
488a9626-ef40-4e5c-8ea4-95834fce48f7,rovo-dev-main,,"2025-12-26 17:34:41.508992",,6,0,0,,0,,"2025-12-26 16:34:41",ea2f33a4-d808-434b-b776-b7246bd6134a,,standard
b08aa887-e42e-49ca-84a2-209d5df13730,claude-code,,2025-12-26T17:55:55.007813,,6,0,0,,0,,"2025-12-26 17:55:55",ea2f33a4-d808-434b-b776-b7246bd6134a,,standard
26f17de1-76fb-4992-aefc-52a218a5a2ba,claude-code,,2025-12-26T17:57:58.614180,,6,0,0,,0,,"2025-12-26 17:57:58",ea2f33a4-d808-434b-b776-b7246bd6134a,,standard
8fd8e32a-a7f0-4e6d-aeea-58c6f052055f,claude-rovodev,,2025-12-26T18:38:15.759257,,6,0,0,,0,,"2025-12-26 18:38:15",ea2f33a4-d808-434b-b776-b7246bd6134a,,standard
2ba8c105-27d5-4ad4-ac52-1422922e29ed,claude-code-empirical-study,,"2025-12-27 17:13:17.941484",,6,0,0,,0,,"2025-12-27 16:13:17",ea2f33a4-d808-434b-b776-b7246bd6134a,,1
53c125e1-a384-4353-9817-1e1f69e6716f,claude-code,,2025-12-27T11:06:16.033681,,6,0,0,,0,,"2025-12-27 11:06:16",ea2f33a4-d808-434b-b776-b7246bd6134a,,standard
4b1841bf-cb51-49f4-820d-21f217776d7b,claude-code,,2025-12-27T11:30:09.513752,,6,0,0,,0,,"2025-12-27 11:30:09",ea2f33a4-d808-434b-b776-b7246bd6134a,hook-implementation,standard
b2f43b05-0d4d-4190-9166-94cd76d1e164,claude-rovodev,,2025-12-27T11:34:13.142128,,6,0,0,,0,,"2025-12-27 11:34:13",ea2f33a4-d808-434b-b776-b7246bd6134a,,standard
77564709-e00d-4d13-8679-b9b4351ab9a3,claude-code,,2025-12-27T12:35:37.838028,,0,0,0,,0,,"2025-12-27 12:35:37",ea2f33a4-d808-434b-b776-b7246bd6134a,,standard
8ed74a69-f8bf-4aa6-9a39-ecb3f0a33b90,claude-code,,2025-12-27T12:36:04.341674,,0,0,0,,0,,"2025-12-27 12:36:04",ea2f33a4-d808-434b-b776-b7246bd6134a,,standard
9e733c50-3976-4174-9aea-3d4470e92738,claude-code,,2025-12-27T12:36:43.035888,,0,0,0,,0,,"2025-12-27 12:36:43",ea2f33a4-d808-434b-b776-b7246bd6134a,,standard
11d2e7cb-f3a0-4723-871b-63b7db76c6ca,claude-code,,2025-12-27T12:37:14.335336,,0,0,0,,0,,"2025-12-27 12:37:14",ea2f33a4-d808-434b-b776-b7246bd6134a,,standard
2c98b09a-5219-4bdc-9e2c-7b496db2ce1b,claude-code,,2025-12-27T12:37:30.926983,,0,0,0,,0,,"2025-12-27 12:37:30",ea2f33a4-d808-434b-b776-b7246bd6134a,,standard
694cab0a-f4c5-43e7-90d4-1b212c996c8a,claude-rovodev,,2025-12-27T12:43:13.684163,,6,0,0,,0,,"2025-12-27 12:43:13",ea2f33a4-d808-434b-b776-b7246bd6134a,,standard
c5b96aeb-8437-4b63-ab4f-03ec9a60dbf4,qwen-fix-canonical-tests,,2025-12-27T12:43:52.827579,,6,0,0,,0,,"2025-12-27 12:43:52",ea2f33a4-d808-434b-b776-b7246bd6134a,,standard
9326d7d9-15b4-427c-834f-fefe5384c8aa,claude-code,,2025-12-27T13:17:18.229046,,6,0,0,,0,,"2025-12-27 13:17:18",ea2f33a4-d808-434b-b776-b7246bd6134a,,standard
cc702a9f-1152-4f99-9fc6-88bfebc22a6c,claude-code,,2025-12-27T14:16:32.971725,,6,0,0,,0,,"2025-12-27 14:16:32",ea2f33a4-d808-434b-b776-b7246bd6134a,,standard
104e3927-739c-4b2e-8d8e-961c4ce1fd4d,claude-code,,2025-12-27T14:19:40.681530,,6,0,0,,0,,"2025-12-27 14:19:40",ea2f33a4-d808-434b-b776-b7246bd6134a,rovodev-workflow-testing,standard
6d363111-5425-4a56-b063-c444900fc1f9,claude-code,,2025-12-27T14:33:26.804983,,6,0,0,,0,,"2025-12-27 14:33:26",ea2f33a4-d808-434b-b776-b7246bd6134a,,standard
2f4d3939-3ac8-43f6-9237-d356edde832e,claude-code-workflow-test,,2025-12-27T15:45:46.290881,,6,0,0,,0,,"2025-12-27 15:45:46",ea2f33a4-d808-434b-b776-b7246bd6134a,,standard
d1638691-4231-4c2d-aeaf-0d82e09d8e71,qwen,,2025-12-27T16:08:23.337418,,6,0,0,,0,,"2025-12-27 16:08:23",ea2f33a4-d808-434b-b776-b7246bd6134a,,standard
b2a43439-df3c-4a0f-98f3-4a68a0203d8a,claude-code,,2025-12-27T16:51:33.853941,,6,0,0,,0,,"2025-12-27 16:51:33",ea2f33a4-d808-434b-b776-b7246bd6134a,,standard
b4b2dc26-bd2c-4031-bcca-617eb9e46747,final-test,,2025-12-27T18:25:14.352353,,6,0,0,,0,,"2025-12-27 18:25:14",ea2f33a4-d808-434b-b776-b7246bd6134a,,standard
011cc0a5-4b0b-49d6-986a-4a7668df9b52,gemini-refactor-docs,,2025-12-27T21:58:43.860064,,6,0,0,,0,,"2025-12-27 21:58:43",ea2f33a4-d808-434b-b776-b7246bd6134a,,standard
e93cc1a8-1fd8-4c29-b1fa-e40833625162,mistral-analysis,,2025-12-27T22:25:51.553762,,6,0,0,,0,,"2025-12-27 22:25:51",ea2f33a4-d808-434b-b776-b7246bd6134a,,standard
d465dec1-1dad-4171-b78a-7668a93cf51a,claude-code,,2025-12-27T23:05:17.358504,,6,0,0,,0,,"2025-12-27 23:05:17",ea2f33a4-d808-434b-b776-b7246bd6134a,,standard
34be540e-ef1d-4042-ab72-c446a3b54fcd,devstral-exit-codes,,2025-12-27T23:16:02.019196,,6,0,0,,0,,"2025-12-27 23:16:02",ea2f33a4-d808-434b-b776-b7246bd6134a,,standard
0944dc49-2099-4297-baa7-c20d0b0c4bc1,devstral-mcp-cleanup,,2025-12-27T23:42:06.040095,,6,0,0,,0,,"2025-12-27 23:42:06",ea2f33a4-d808-434b-b776-b7246bd6134a,,standard
c8c3f1b9-735c-4f92-93e8-19dce953d3f9,devstral-prioritization,,2025-12-28T12:38:32.206629,,6,0,0,,0,,"2025-12-28 12:38:32",ea2f33a4-d808-434b-b776-b7246bd6134a,,standard
61a55f2a-3e54-4943-9ef5-f11741cc917e,devstral-quick-wins,,2025-12-28T13:08:03.684095,,6,0,0,,0,,"2025-12-28 13:08:03",ea2f33a4-d808-434b-b776-b7246bd6134a,,standard
967fdea4-e344-4439-bcaf-be0ced51bb9f,devstral-test-suite-fix,,2025-12-28T13:49:31.933784,,6,0,0,,0,,"2025-12-28 13:49:31",ea2f33a4-d808-434b-b776-b7246bd6134a,,standard
0ccbf5c5-0096-4495-a10c-b41e0f638185,claude-test-mco-snapshot,,2025-12-28T14:07:38.957106,,6,0,0,,0,,"2025-12-28 14:07:38",ea2f33a4-d808-434b-b776-b7246bd6134a,,standard
bf1e2f1a-1bd6-40b0-9479-e97d510f24d1,claude-code-architecture-assessment,,2025-12-28T15:09:25.920501,,6,0,0,,0,,"2025-12-28 15:09:25",ea2f33a4-d808-434b-b776-b7246bd6134a,,standard
593feff5-72e7-4497-a153-171201914034,devstral-analysis,,2025-12-28T15:21:43.758961,,6,0,0,,0,,"2025-12-28 15:21:43",ea2f33a4-d808-434b-b776-b7246bd6134a,,standard
176d04a1-81a6-4e52-9e64-8abc46a1209d,claude-test,,2025-12-28T16:01:21.302913,,6,0,0,,0,,"2025-12-28 16:01:21",,workflow_test,standard
8ebf8651-831a-4b92-9c15-7893ca3ccf29,claude-test,,2025-12-28T16:02:36.589274,,6,0,0,,0,,"2025-12-28 16:02:36",,workflow_test,standard
fba6b9cf-8a63-4ef3-a401-a5ed03eb1a13,claude-test,,2025-12-28T16:02:46.632429,,6,0,0,,0,,"2025-12-28 16:02:46",,,standard
ae31a522-7a92-4fed-9faa-21abebaed809,planning-agent,,2025-12-28T16:11:56.113024,,6,0,0,,0,,"2025-12-28 16:11:56",,work_planning_epistemic_health_and_continuity,standard
52c3b63e-19d5-4a5c-be7b-db50e28fbe2e,mistral-reasoning,,2025-12-28T16:12:54.249055,,6,0,0,,0,,"2025-12-28 16:12:54",ea2f33a4-d808-434b-b776-b7246bd6134a,,standard
2cefa587-f712-49f3-a988-d7c97f01e333,claude-code,,2025-12-28T16:19:51.251555,,6,0,0,,0,,"2025-12-28 16:19:51",ea2f33a4-d808-434b-b776-b7246bd6134a,,standard
b8828137-d604-4d05-a8ff-d1c0d7fd9767,claude-code,,2025-12-28T17:12:31.960404,,6,0,0,,0,,"2025-12-28 17:12:31",ea2f33a4-d808-434b-b776-b7246bd6134a,,1
d54bbc0b-0c6b-491b-b18d-7cdafa26a859,claude-code,,2025-12-28T17:18:10.559951,,6,0,0,,0,,"2025-12-28 17:18:10",ea2f33a4-d808-434b-b776-b7246bd6134a,,1
d1d4263a-ab7c-4ca5-8fb0-99369ca27073,claude-code-workflow-test,,2025-12-28T17:46:50.208591,,6,0,0,,0,,"2025-12-28 17:46:50",ea2f33a4-d808-434b-b776-b7246bd6134a,,1
d8d54bf6-ab92-49eb-88f3-bce76752929b,claude-code-final-test,,2025-12-28T17:56:26.765246,,6,0,0,,0,,"2025-12-28 17:56:26",ea2f33a4-d808-434b-b776-b7246bd6134a,,1
5529fb17-e5af-4b94-981c-eb1b098a5b8d,mistral-reasoning,,2025-12-28T18:05:39.494190,,6,0,0,,0,,"2025-12-28 18:05:39",ea2f33a4-d808-434b-b776-b7246bd6134a,,1
f096b0b1-11d2-49d7-a173-2d342621ff77,claude-code,,2025-12-29T00:15:57.118028,,6,0,0,,0,,"2025-12-29 00:15:57",ea2f33a4-d808-434b-b776-b7246bd6134a,,1
63fd6e54-a353-413f-8118-0e89d9461330,claude-code-test,,2025-12-29T10:55:16.803908,,6,0,0,,0,,"2025-12-29 10:55:16",ea2f33a4-d808-434b-b776-b7246bd6134a,,1
2fa4af7e-e901-46f2-85e7-b4a90a2444d4,claude-code-test,,2025-12-29T10:55:17.071407,,6,0,0,,0,,"2025-12-29 10:55:17",ea2f33a4-d808-434b-b776-b7246bd6134a,,1
601ba986-3aa2-473c-a1ee-eb72831e7b89,claude-rovo,,2025-12-29T11:12:20.455502,,6,0,0,,0,,"2025-12-29 11:12:20",ea2f33a4-d808-434b-b776-b7246bd6134a,,1
49fd8d50-b78c-48f9-b574-6e70eceb9c33,claude-rovo,,2025-12-29T11:21:48.570440,,6,0,0,,0,,"2025-12-29 11:21:48",ea2f33a4-d808-434b-b776-b7246bd6134a,,1
2be5c5f3-c004-4356-93b5-a8b57ed867b3,claude-rovo-test,,2025-12-29T11:22:42.365850,,6,0,0,,0,,"2025-12-29 11:22:42",ea2f33a4-d808-434b-b776-b7246bd6134a,,1
bdd4016e-54d0-4a11-969f-2e042504e9df,claude-rovo,,2025-12-29T11:28:07.282664,,6,0,0,,0,,"2025-12-29 11:28:07",ea2f33a4-d808-434b-b776-b7246bd6134a,,1
85950095-2780-4456-8f01-dcdc90807359,claude-rovo,,2025-12-29T11:33:39.132753,,6,0,0,,0,,"2025-12-29 11:33:39",ea2f33a4-d808-434b-b776-b7246bd6134a,,1
d8dc3fb0-29dc-48f1-bdf5-5e851b610f3a,mistral-instruction-design,,2025-12-29T11:49:12.777546,,6,0,0,,0,,"2025-12-29 11:49:12",ea2f33a4-d808-434b-b776-b7246bd6134a,,1
8c91c7dd-cfc9-41e4-ac2e-f05140be9014,copilot-copilot-instructions-update,,2025-12-29T20:05:43.354926,,6,0,0,,0,,"2025-12-29 20:05:43",ea2f33a4-d808-434b-b776-b7246bd6134a,,1
e68eb6e9-30fc-4a51-b443-114064d0ac9b,copilot-mcp-server-dev,,2025-12-29T22:44:43.202186,,6,0,0,,0,,"2025-12-29 22:44:43",ea2f33a4-d808-434b-b776-b7246bd6134a,,1
77cab6c8-886f-4829-ad74-7e5fdc41b3ce,test-calibration-v2,,"2025-12-30 21:14:45.783923",,5,0,0,,0,,"2025-12-30 20:14:45",,,standard
51d65a22-fa22-4767-87a2-af2b939ea8b3,test-calibration-v2,,"2025-12-30 21:14:45.799190",,5,0,0,,0,,"2025-12-30 20:14:45",,,standard
8e078c13-d6cb-46eb-84c3-25b4ea79fd05,test-calibration-v2,,"2025-12-30 21:14:45.811793",,5,0,0,,0,,"2025-12-30 20:14:45",,,standard
ae8e847d-3ae4-4624-b811-f9016ab575c3,test-calibration-v2,,"2025-12-30 21:14:45.824283",,5,0,0,,0,,"2025-12-30 20:14:45",,,standard
ee10fb92-dbfd-4561-9366-bc915294f820,test-calibration-v2,,"2025-12-30 21:14:45.836795",,5,0,0,,0,,"2025-12-30 20:14:45",,,standard
491b1e75-b07a-46b5-aae0-388427a7796c,claude-rovo,,2025-12-30T10:28:57.892973,,6,0,0,,0,,"2025-12-30 10:28:57",ea2f33a4-d808-434b-b776-b7246bd6134a,,1
c5ebe086-e639-4b15-849f-cc516acc34f2,claude-rovo,,2025-12-30T10:34:12.463233,,6,0,0,,0,,"2025-12-30 10:34:12",ea2f33a4-d808-434b-b776-b7246bd6134a,,1
d855918b-6ef7-4e67-b891-2384e3f1e1d4,claude-rovo,,2025-12-30T10:37:27.039435,,6,0,0,,0,,"2025-12-30 10:37:27",ea2f33a4-d808-434b-b776-b7246bd6134a,,1
ba305436-e87b-4178-8d72-049751ebed6c,claude-rovo,,2025-12-30T10:42:44.451035,,6,0,0,,0,,"2025-12-30 10:42:44",ea2f33a4-d808-434b-b776-b7246bd6134a,,1
1cf2b8bd-a9ea-4a4d-87d7-9c364209a26b,claude-rovo,,2025-12-30T10:46:59.729777,,6,0,0,,0,,"2025-12-30 10:46:59",ea2f33a4-d808-434b-b776-b7246bd6134a,,1
d171aeed-75e7-46f4-b819-0e6fca97f548,claude-rovo,,2025-12-30T11:02:40.989440,,6,0,0,,0,,"2025-12-30 11:02:40",ea2f33a4-d808-434b-b776-b7246bd6134a,,1
007a4113-31c4-4f5f-a023-da5814616e65,claude-rovo,,2025-12-30T11:09:29.921038,,6,0,0,,0,,"2025-12-30 11:09:29",ea2f33a4-d808-434b-b776-b7246bd6134a,,1
1dedbdb0-2fc5-4a14-9e20-f790c2d2557a,claude-rovo,,2025-12-30T11:12:36.725325,,6,0,0,,0,,"2025-12-30 11:12:36",ea2f33a4-d808-434b-b776-b7246bd6134a,,1
d53ec1b9-7532-4889-8f3c-0d7b213f52c1,claude-rovo,,2025-12-30T11:22:05.321393,,6,0,0,,0,,"2025-12-30 11:22:05",ea2f33a4-d808-434b-b776-b7246bd6134a,,1
524deee5-f7dd-4ed1-bfde-dcdc563fe697,claude-rovo,,2025-12-30T11:37:03.752265,,6,0,0,,0,,"2025-12-30 11:37:03",ea2f33a4-d808-434b-b776-b7246bd6134a,,1
523cf954-1c80-46af-a007-891a50315aba,claude-rovo,,2025-12-30T11:42:50.516613,,6,0,0,,0,,"2025-12-30 11:42:50",ea2f33a4-d808-434b-b776-b7246bd6134a,,1
6b57f32e-d9fb-4ad1-9311-3d43efb248cd,claude-rovo,,2025-12-30T11:46:01.242072,,6,0,0,,0,,"2025-12-30 11:46:01",ea2f33a4-d808-434b-b776-b7246bd6134a,,1
345c803b-f062-4a88-a937-54addf6a042c,claude-rovo,,2025-12-30T12:32:09.731681,,6,0,0,,0,,"2025-12-30 12:32:09",ea2f33a4-d808-434b-b776-b7246bd6134a,,1
10e9e26f-69b6-455b-8c34-257f31151b4e,mcp-test,,2025-12-30T12:36:30.016523,,6,0,0,,0,,"2025-12-30 12:36:30",ea2f33a4-d808-434b-b776-b7246bd6134a,,1
6753618f-7197-4fab-99e2-7a76b15e93f1,rovodev-mcp-test,,2025-12-30T12:37:11.090307,,6,0,0,,0,,"2025-12-30 12:37:11",ea2f33a4-d808-434b-b776-b7246bd6134a,,1
c62c67cf-2124-4a3b-9ef6-bcd0af4ba4f0,copilot-project-status-review,,2025-12-30T12:39:33.217895,,6,0,0,,0,,"2025-12-30 12:39:33",ea2f33a4-d808-434b-b776-b7246bd6134a,,1
57779073-2ccb-494a-b08c-9cf4f5fa2cde,direct-test,,2025-12-30T12:44:12.535489,,6,0,0,,0,,"2025-12-30 12:44:12",ea2f33a4-d808-434b-b776-b7246bd6134a,,1
34e7680f-956e-4775-9897-c3e47232517a,mcp-flow-test,,2025-12-30T12:45:29.522275,,6,0,0,,0,,"2025-12-30 12:45:29",ea2f33a4-d808-434b-b776-b7246bd6134a,,1
d443fc88-0e7e-4587-b278-cfc5daa8bec9,mcp-final-test,,2025-12-30T12:45:41.738277,,6,0,0,,0,,"2025-12-30 12:45:41",ea2f33a4-d808-434b-b776-b7246bd6134a,,1
656a1591-963d-42b4-ae32-b2629505ac73,test,,2025-12-30T12:45:42.346322,,6,0,0,,0,,"2025-12-30 12:45:42",ea2f33a4-d808-434b-b776-b7246bd6134a,,1
d90bed7b-0e63-4f2d-94f9-8284421f1aa6,mcp-e2e-test,,2025-12-30T13:16:55.931484,,6,0,0,,0,,"2025-12-30 13:16:55",ea2f33a4-d808-434b-b776-b7246bd6134a,,1
bc880d84-9f6c-40fa-9ab8-da81c045e6da,debug-test,,2025-12-30T13:17:10.538907,,6,0,0,,0,,"2025-12-30 13:17:10",ea2f33a4-d808-434b-b776-b7246bd6134a,,1
e97f042f-11d7-4d75-bb9a-6e83225e282e,copilot-dual-scope-phase2,,2025-12-30T13:19:27.615399,,6,0,0,,0,,"2025-12-30 13:19:27",ea2f33a4-d808-434b-b776-b7246bd6134a,,1
a72f97f2-a433-4101-800b-539dfcc3fdb5,cli-e2e-test,,2025-12-30T13:19:43.705007,,6,0,0,,0,,"2025-12-30 13:19:43",ea2f33a4-d808-434b-b776-b7246bd6134a,,1
1f29fb2d-8dd3-4853-9d38-14260a1bdc7e,copilot-dual-scope-enhancements,,2025-12-30T13:33:26.347861,,6,0,0,,0,,"2025-12-30 13:33:26",ea2f33a4-d808-434b-b776-b7246bd6134a,,1
bc398232-2fce-463b-9ad6-a4c62f17c0d3,middleware-test,,2025-12-30T13:35:29.517738,,6,0,0,,0,,"2025-12-30 13:35:29",ea2f33a4-d808-434b-b776-b7246bd6134a,,1
f746ebb4-c79d-436b-9364-88a2c168dd4c,middleware-test,,2025-12-30T13:35:39.905356,,6,0,0,,0,,"2025-12-30 13:35:39",ea2f33a4-d808-434b-b776-b7246bd6134a,,1
581dddeb-5487-4634-aa87-4a5ce588f351,mcp-e2e-test,,2025-12-30T13:35:43.835764,,6,0,0,,0,,"2025-12-30 13:35:43",ea2f33a4-d808-434b-b776-b7246bd6134a,,1
044ee676-985e-4c6d-a4eb-294b4881563d,test,,2025-12-30T13:37:04.872870,,6,0,0,,0,,"2025-12-30 13:37:04",ea2f33a4-d808-434b-b776-b7246bd6134a,,1
4d427e83-2bea-473b-b790-7af8cc5dc48c,copilot-dual-scope-mcp-testing,,2025-12-30T14:09:05.710277,,6,0,0,,0,,"2025-12-30 14:09:05",ea2f33a4-d808-434b-b776-b7246bd6134a,,1
a6045f10-156d-4475-969d-6c41fba67b8d,claude-code,,2025-12-30T14:55:18.947395,,6,0,0,,0,,"2025-12-30 14:55:18",ea2f33a4-d808-434b-b776-b7246bd6134a,,1
21e5dc5e-3f13-439b-9fcd-9a27040f4f58,claude-code,,2025-12-30T16:30:35.775776,,6,0,0,,0,,"2025-12-30 16:30:35",ea2f33a4-d808-434b-b776-b7246bd6134a,,1
6332d455-0f90-4b74-ae02-a0d88c8945e3,claude-code,,2025-12-30T16:56:06.867210,,6,0,0,,0,,"2025-12-30 16:56:06",ea2f33a4-d808-434b-b776-b7246bd6134a,,1
0ba2510b-48da-4f00-9c2b-bb30393b53ed,claude-code,,2025-12-30T17:15:55.564965,,6,0,0,,0,,"2025-12-30 17:15:55",ea2f33a4-d808-434b-b776-b7246bd6134a,,1
f0a43f38-3b9c-4696-b92e-e5fe37bad404,claude-code,,2025-12-30T17:25:58.721495,,6,0,0,,0,,"2025-12-30 17:25:58",ea2f33a4-d808-434b-b776-b7246bd6134a,,1
e09ac76b-a76a-4106-9c9c-4881caeb8df0,claude-code-drift-test,,2025-12-30T17:38:17.027483,,6,0,0,,0,,"2025-12-30 17:38:17",ea2f33a4-d808-434b-b776-b7246bd6134a,,1
8bc50484-6770-4319-b5e3-cf312850a634,claude-code,,2025-12-30T18:00:20.995162,,6,0,0,,0,,"2025-12-30 18:00:20",ea2f33a4-d808-434b-b776-b7246bd6134a,,1
edc46272-16c8-46bd-b608-f001ef5591da,claude-code,,2025-12-30T18:13:07.054268,,6,0,0,,0,,"2025-12-30 18:13:07",ea2f33a4-d808-434b-b776-b7246bd6134a,,1
90baebc3-43f1-41b4-8fc7-288b87f30c0a,claude-code,,2025-12-30T18:41:27.098260,,6,0,0,,0,,"2025-12-30 18:41:27",ea2f33a4-d808-434b-b776-b7246bd6134a,,1
f03cb798-cf1f-4be7-931d-4d5b3de587e3,claude-code,,2025-12-30T19:27:32.434051,,6,0,0,,0,,"2025-12-30 19:27:32",ea2f33a4-d808-434b-b776-b7246bd6134a,,1
fd1e86a3-9c54-4a6b-9598-b0434a2673fe,bayesian-test,,2025-12-30T20:15:20.631043,,6,0,0,,0,,"2025-12-30 20:15:20",ea2f33a4-d808-434b-b776-b7246bd6134a,,1
19852c50-f417-49a4-a613-f88cf1f6c45c,claude-code,,2025-12-30T20:39:58.666378,,6,0,0,,0,,"2025-12-30 20:39:58",ea2f33a4-d808-434b-b776-b7246bd6134a,,1
536f9fbb-70d7-4fd7-a198-26e70340cabf,claude-code,,2025-12-31T16:09:10.343838,,6,0,0,,0,,"2025-12-31 16:09:10",ea2f33a4-d808-434b-b776-b7246bd6134a,,1
b45e7c08-33d7-4e14-b899-6f2ea08d439b,claude-code,,2025-12-31T16:38:17.414369,,6,0,0,,0,,"2025-12-31 16:38:17",ea2f33a4-d808-434b-b776-b7246bd6134a,,1
b2218751-3e08-4350-b7e3-2abc117897db,claude-code,,2025-12-31T17:03:34.135720,,6,0,0,,0,,"2025-12-31 17:03:34",ea2f33a4-d808-434b-b776-b7246bd6134a,,1
3524484b-44da-454b-a097-9e0b89fdc161,claude-code,,2025-12-31T17:13:05.985809,,6,0,0,,0,,"2025-12-31 17:13:05",ea2f33a4-d808-434b-b776-b7246bd6134a,,1
b146d58d-14a3-45d7-ae9c-8e270586c2fd,claude-code,,2025-12-31T17:21:19.895112,,6,0,0,,0,,"2025-12-31 17:21:19",ea2f33a4-d808-434b-b776-b7246bd6134a,,1
373f5cb5-3827-4d50-b1a0-78ef69f363e6,claude-code,,2025-12-31T17:28:15.667902,,6,0,0,,0,,"2025-12-31 17:28:15",ea2f33a4-d808-434b-b776-b7246bd6134a,,1
306dcf72-d3e1-4fbc-82fe-dbe74b0fdba0,claude-code,,2025-12-31T17:39:21.650429,,6,0,0,,0,,"2025-12-31 17:39:21",ea2f33a4-d808-434b-b776-b7246bd6134a,,1
ccf72edf-4bf6-45c3-a02a-05ecca5df136,claude-code,,2025-12-31T17:46:33.139850,,6,0,0,,0,,"2025-12-31 17:46:33",ea2f33a4-d808-434b-b776-b7246bd6134a,,1
637f8404-c84f-4aaf-8603-650c6de285b2,claude-rovo,,2025-12-31T19:27:45.012024,,6,0,0,,0,,"2025-12-31 19:27:45",ea2f33a4-d808-434b-b776-b7246bd6134a,,1
fd44dfb6-e19b-4ddc-a12a-193b69c80fe9,claude-rovo,,2025-12-31T19:48:28.199137,,6,0,0,,0,,"2025-12-31 19:48:28",ea2f33a4-d808-434b-b776-b7246bd6134a,,1
ff05224c-99a9-4180-bbcb-f862d395c671,claude-rovo,,2025-12-31T19:48:31.012572,,6,0,0,,0,,"2025-12-31 19:48:31",ea2f33a4-d808-434b-b776-b7246bd6134a,,1
8d08f39a-1ac4-41a6-b352-029dc05669e8,claude-rovo,,2025-12-31T20:03:48.326325,,6,0,0,,0,,"2025-12-31 20:03:48",ea2f33a4-d808-434b-b776-b7246bd6134a,,1
b029ae3e-cf26-430a-9400-40ba32c32d92,claude-rovo,,2025-12-31T20:03:51.504798,,6,0,0,,0,,"2025-12-31 20:03:51",ea2f33a4-d808-434b-b776-b7246bd6134a,,1
2384696d-6b5f-4171-aad4-fca072724067,claude-code,,2025-12-31T20:14:15.215532,,6,0,0,,0,,"2025-12-31 20:14:15",ea2f33a4-d808-434b-b776-b7246bd6134a,,1
6b42f34c-24a9-43ea-a7a1-fab3c92403ea,claude-rovo,,2025-12-31T20:16:23.212583,,6,0,0,,0,,"2025-12-31 20:16:23",ea2f33a4-d808-434b-b776-b7246bd6134a,,1
c988fb7b-35f1-4d15-a7f8-4858de24aacb,claude-code,,2025-12-31T20:24:10.220220,,6,0,0,,0,,"2025-12-31 20:24:10",ea2f33a4-d808-434b-b776-b7246bd6134a,,1
dac60089-cae3-458f-9b17-fab8625ab026,claude-rovo,,2025-12-31T20:28:44.307925,,6,0,0,,0,,"2025-12-31 20:28:44",ea2f33a4-d808-434b-b776-b7246bd6134a,,1
36f9a3de-9cb0-4588-b7cb-dffaa20c722e,claude-code,,2025-12-31T20:30:44.203823,,6,0,0,,0,,"2025-12-31 20:30:44",ea2f33a4-d808-434b-b776-b7246bd6134a,,1
3f3debb7-4ea1-45a8-9855-ed76a7158e6c,test-reflex-integration,,2025-12-31T20:44:25.798782,,5,0,0,,0,,"2025-12-31 20:44:25",,,1
bc74ad14-1a6b-4ccf-9177-9ee19ecdde49,test-reflex-integration,,2025-12-31T20:44:25.834623,,5,0,0,,0,,"2025-12-31 20:44:25",,,1
0ce1a27f-604a-4e9e-b856-7eea72ab26e1,test-reflex-integration,,2025-12-31T20:44:25.857030,,5,0,0,,0,,"2025-12-31 20:44:25",,,1
0d4c17a4-702a-41af-ae3b-d9e463103845,test-session,,2025-12-31T20:44:25.884603,,10,0,0,,0,,"2025-12-31 20:44:25",,,2
f4069b67-0310-4b6d-a274-9ca2bfa7a2f0,test-reflex-integration,,2025-12-31T20:44:25.903083,,5,0,0,,0,,"2025-12-31 20:44:25",,,1
679a6598-334a-4eb5-9ec7-0e44b331b1a5,test-reflex-integration,,2025-12-31T20:51:52.261697,,5,0,0,,0,,"2025-12-31 20:51:52",,,1
01d091a9-4b2b-4b84-bdf8-eca788ba8849,test-reflex-integration,,2025-12-31T20:51:52.277079,,5,0,0,,0,,"2025-12-31 20:51:52",,,1
fa4c5f4b-d352-442f-b2a9-d275a0a40b30,test-reflex-integration,,2025-12-31T20:51:52.287322,,5,0,0,,0,,"2025-12-31 20:51:52",,,1
74f69c17-e44b-4265-9574-26426ff74d81,test-session,,2025-12-31T20:51:52.306407,,10,0,0,,0,,"2025-12-31 20:51:52",,,2
21b65096-7fc5-448a-bb63-ca3e36ccb5a4,test-reflex-integration,,2025-12-31T20:51:52.325088,,5,0,0,,0,,"2025-12-31 20:51:52",,,1
fee76f84-2898-4eb8-8bad-7d23084df6fb,claude-code,,2025-12-31T20:53:42.209262,,6,0,0,,0,,"2025-12-31 20:53:42",ea2f33a4-d808-434b-b776-b7246bd6134a,,1
413111d7-d7ad-490d-877d-758ceb56feae,test-reflex-integration,,2025-12-31T21:27:16.881861,,5,0,0,,0,,"2025-12-31 21:27:16",,,1
18a71e39-987a-4d87-a7bf-d56e91dd0291,test-reflex-integration,,2025-12-31T21:27:16.909914,,5,0,0,,0,,"2025-12-31 21:27:16",,,1
958efb90-1796-46d7-9de1-a115f6d04acb,test-reflex-integration,,2025-12-31T21:27:16.928961,,5,0,0,,0,,"2025-12-31 21:27:16",,,1
840bae3b-5422-4ec1-b036-ef94124eb42d,test-session,,2025-12-31T21:27:16.955966,,10,0,0,,0,,"2025-12-31 21:27:16",,,2
36a4101f-b2ed-4773-beef-9a540e49c202,test-reflex-integration,,2025-12-31T21:27:16.974280,,5,0,0,,0,,"2025-12-31 21:27:16",,,1
014ffc1f-d388-4737-ba28-e6daad56bb6d,claude-code,,2025-12-31T21:46:05.289161,,6,0,0,,0,,"2025-12-31 21:46:05",ea2f33a4-d808-434b-b776-b7246bd6134a,,1
bef188e6-ea92-477d-a4b3-79946e451296,claude-code,,2025-12-31T21:46:23.215344,,6,0,0,,0,,"2025-12-31 21:46:23",ea2f33a4-d808-434b-b776-b7246bd6134a,,1
04a78920-f48c-4147-bb0f-550725fece78,test-reflex-integration,,2025-12-31T21:52:59.162193,,5,0,0,,0,,"2025-12-31 21:52:59",,,1
9fbdc0c8-8498-42b6-93c4-aa37bee8e7f7,test-reflex-integration,,2025-12-31T21:52:59.226991,,5,0,0,,0,,"2025-12-31 21:52:59",,,1
9afddafe-51db-42ae-9f84-ff8769093410,test-reflex-integration,,2025-12-31T21:52:59.247054,,5,0,0,,0,,"2025-12-31 21:52:59",,,1
64809d86-ad82-4107-b123-35764b0de53c,test-session,,2025-12-31T21:52:59.271704,,10,0,0,,0,,"2025-12-31 21:52:59",,,2
6907dd00-6aa3-4a3d-997f-e89223c6d76a,test-reflex-integration,,2025-12-31T21:52:59.291510,,5,0,0,,0,,"2025-12-31 21:52:59",,,1
91e16379-4275-4474-83d2-37af7886b41d,test-reflex-integration,,2025-12-31T22:22:29.264045,,5,0,0,,0,,"2025-12-31 22:22:29",,,1
d7282544-a5a7-40fa-8c2f-6c80732ba197,test-reflex-integration,,2025-12-31T22:22:29.291870,,5,0,0,,0,,"2025-12-31 22:22:29",,,1
615edad6-b974-4b3b-8db5-0e50d10a06a0,test-reflex-integration,,2025-12-31T22:22:29.315119,,5,0,0,,0,,"2025-12-31 22:22:29",,,1
32fea199-7150-4359-b37c-2a12521f041d,test-session,,2025-12-31T22:22:29.337509,,10,0,0,,0,,"2025-12-31 22:22:29",,,2
b7429ce4-4349-4ef1-8ca3-c684ab387e93,test-reflex-integration,,2025-12-31T22:22:29.355938,,5,0,0,,0,,"2025-12-31 22:22:29",,,1
fcb4ac31-74e9-4942-94f4-fd2d1a0dfe9b,test-reflex-integration,,2025-12-31T22:23:13.960787,,5,0,0,,0,,"2025-12-31 22:23:13",,,1
e90561f7-3653-4cb4-b5da-f10d55010d1c,test-reflex-integration,,2025-12-31T22:23:13.994515,,5,0,0,,0,,"2025-12-31 22:23:13",,,1
ac9b7dd7-8a37-4421-a6db-1491ab196fec,test-reflex-integration,,2025-12-31T22:23:14.014499,,5,0,0,,0,,"2025-12-31 22:23:14",,,1
3313328f-c120-4033-a2cb-a1f6cb30c40b,test-session,,2025-12-31T22:23:14.038904,,10,0,0,,0,,"2025-12-31 22:23:14",,,2
dfea5361-6708-42d6-b7da-cb04ed486423,test-reflex-integration,,2025-12-31T22:23:14.059002,,5,0,0,,0,,"2025-12-31 22:23:14",,,1
b86863bd-acaa-4c0a-b9b5-af95d0f7a9e5,test-reflex-integration,,2025-12-31T22:25:28.950295,,5,0,0,,0,,"2025-12-31 22:25:28",,,1
69bfdd82-c2c8-4cd8-94ae-a5cddb86064f,test-reflex-integration,,2025-12-31T22:25:28.969588,,5,0,0,,0,,"2025-12-31 22:25:28",,,1
c1227c42-73f1-4689-ba0f-13a279cea386,test-reflex-integration,,2025-12-31T22:25:28.989802,,5,0,0,,0,,"2025-12-31 22:25:28",,,1
5c286a5c-ac45-4a45-9d6f-7cbe7cdb5dfe,test-session,,2025-12-31T22:25:29.011660,,10,0,0,,0,,"2025-12-31 22:25:29",,,2
68b54c33-be11-44c9-8cc0-af5a7d54a5f4,test-reflex-integration,,2025-12-31T22:25:29.032298,,5,0,0,,0,,"2025-12-31 22:25:29",,,1
568590d9-50e0-42c3-8643-7d26edba9c47,test-reflex-integration,,2025-12-31T22:29:13.619742,,5,0,0,,0,,"2025-12-31 22:29:13",,,1
76c62a53-edcd-405f-b402-181c25557c03,test-reflex-integration,,2025-12-31T22:29:13.657624,,5,0,0,,0,,"2025-12-31 22:29:13",,,1
5e11c393-75a8-48be-b5d9-7f8ef15095f1,test-reflex-integration,,2025-12-31T22:29:13.680887,,5,0,0,,0,,"2025-12-31 22:29:13",,,1
d30166be-cd67-4af2-ac7d-fd6feaaad4b3,test-session,,2025-12-31T22:29:13.702463,,10,0,0,,0,,"2025-12-31 22:29:13",,,2
d31d25bd-d61d-4643-af43-ca75f3e5caa2,test-reflex-integration,,2025-12-31T22:29:13.720622,,5,0,0,,0,,"2025-12-31 22:29:13",,,1
6ce635c4-5a82-496b-8cc0-e5aa880554f6,test-reflex-integration,,2025-12-31T22:29:48.514992,,5,0,0,,0,,"2025-12-31 22:29:48",,,1
42ad0d9f-b01f-4c0e-b775-39f5ccdd42a3,test-reflex-integration,,2025-12-31T22:29:48.542279,,5,0,0,,0,,"2025-12-31 22:29:48",,,1
f4bdb2f4-13a8-47e0-9036-87b745018e49,test-reflex-integration,,2025-12-31T22:29:48.560709,,5,0,0,,0,,"2025-12-31 22:29:48",,,1
0e8313d4-507f-4895-abb3-298509a95019,test-session,,2025-12-31T22:29:48.586527,,10,0,0,,0,,"2025-12-31 22:29:48",,,2
4ec423c4-7747-46b9-bdcb-df845a5d6e2d,test-reflex-integration,,2025-12-31T22:29:48.604547,,5,0,0,,0,,"2025-12-31 22:29:48",,,1
cea6ef9c-4909-4e2c-864f-1f9373f04fdf,test-reflex-integration,,2026-01-01T11:47:09.790646,,5,0,0,,0,,"2026-01-01 11:47:09",,,1
27808eb1-36f3-4a0c-a19b-402781d166ae,test-reflex-integration,,2026-01-01T11:47:09.818454,,5,0,0,,0,,"2026-01-01 11:47:09",,,1
db1cd1bc-7897-47a9-9f71-1bcc62f2276b,test-reflex-integration,,2026-01-01T11:47:09.836847,,5,0,0,,0,,"2026-01-01 11:47:09",,,1
afbaea63-9685-4c04-b66c-de5e4fd3473e,test-session,,2026-01-01T11:47:09.858907,,10,0,0,,0,,"2026-01-01 11:47:09",,,2
221fc11c-f0d6-4ec7-bc74-6e75b9a5f288,test-reflex-integration,,2026-01-01T11:47:09.877806,,5,0,0,,0,,"2026-01-01 11:47:09",,,1
f2160332-7ed4-405a-87f3-f3abb287c83b,test-reflex-integration,,2026-01-01T11:51:18.202487,,5,0,0,,0,,"2026-01-01 11:51:18",,,1
70411bc6-5576-4214-a25b-8ecc803700cf,test-reflex-integration,,2026-01-01T11:51:18.229494,,5,0,0,,0,,"2026-01-01 11:51:18",,,1
03eaaa8b-208c-413d-9496-68dedb915abe,test-reflex-integration,,2026-01-01T11:51:18.247819,,5,0,0,,0,,"2026-01-01 11:51:18",,,1
357dac26-5415-4494-9b47-d96f699c75da,test-session,,2026-01-01T11:51:18.269340,,10,0,0,,0,,"2026-01-01 11:51:18",,,2
08fc289c-ff6d-4041-ac9e-bb5684c7caec,test-reflex-integration,,2026-01-01T11:51:18.287238,,5,0,0,,0,,"2026-01-01 11:51:18",,,1
5707a4a8-a08b-4b79-ac77-63b32e5c093f,test-reflex-integration,,2026-01-01T11:55:28.740378,,5,0,0,,0,,"2026-01-01 11:55:28",,,1
617c4564-5f11-44b1-aea9-195f7c5c7c11,test-reflex-integration,,2026-01-01T11:55:28.767548,,5,0,0,,0,,"2026-01-01 11:55:28",,,1
cbfc5f2b-59b3-4513-ac0d-44a72938d22b,test-reflex-integration,,2026-01-01T11:55:28.785691,,5,0,0,,0,,"2026-01-01 11:55:28",,,1
f88496ac-4f4b-424d-baa7-88a572fe16c2,test-session,,2026-01-01T11:55:28.811589,,10,0,0,,0,,"2026-01-01 11:55:28",,,2
73b1c01c-70c0-4f7a-ac8f-a11b5106a34f,test-reflex-integration,,2026-01-01T11:55:28.830032,,5,0,0,,0,,"2026-01-01 11:55:28",,,1
de1dc858-7d61-40ee-9d17-549ed5f7944b,test-ai,,2026-01-01T11:57:27.318018,,0,0,0,,0,,"2026-01-01 11:57:27",,,1
11275bd4-8608-4b0d-a5f5-43f44db9ca99,test-ai,,2026-01-01T11:57:27.362958,,0,0,0,,0,,"2026-01-01 11:57:27",,,1
828b7d19-92e4-4a6b-b3dc-e8bb21128afc,test,,2026-01-01T11:57:45.560414,,0,0,0,,0,,"2026-01-01 11:57:45",,,1
305c8a19-6412-43c4-a65f-597eba9f231c,test-ai,,2026-01-01T11:58:05.005666,,0,0,0,,0,,"2026-01-01 11:58:05",,,1
e4868a09-16b5-4557-afa2-2556a18f0a93,test-ai,,2026-01-01T11:58:05.042480,,0,0,0,,0,,"2026-01-01 11:58:05",,,1
8cfa1f38-648a-4a92-8cfe-621f567ed4c3,test-reflex-integration,,2026-01-01T12:02:09.902881,,5,0,0,,0,,"2026-01-01 12:02:09",,,1
ddef5944-8502-40d5-97f0-2b52202ca9e8,test-reflex-integration,,2026-01-01T12:02:09.934546,,5,0,0,,0,,"2026-01-01 12:02:09",,,1
e3f038ca-bf24-40d4-b0db-fcd0c28a5fcf,test-reflex-integration,,2026-01-01T12:02:09.952937,,5,0,0,,0,,"2026-01-01 12:02:09",,,1
5bb4dd45-60de-49ec-b23c-1ec0fcd11e3d,test-session,,2026-01-01T12:02:09.974346,,10,0,0,,0,,"2026-01-01 12:02:09",,,2
a47227ff-1e21-4339-a003-e62503ebd3fd,test-reflex-integration,,2026-01-01T12:02:09.992208,,5,0,0,,0,,"2026-01-01 12:02:09",,,1
db9ae8de-aa41-4585-8a6c-a38192f7c1c1,test-ai,,2026-01-01T12:02:14.290844,,0,0,0,,0,,"2026-01-01 12:02:14",,,1
372a041f-eb3d-4bfd-b999-f8e22fd60e64,test-ai,,2026-01-01T12:02:14.315886,,0,0,0,,0,,"2026-01-01 12:02:14",,,1
8231f3e3-78b5-4566-b2b4-adcb025625fd,claude-code,,2026-01-01T12:04:12.930184,,6,0,0,,0,,"2026-01-01 12:04:12",ea2f33a4-d808-434b-b776-b7246bd6134a,,1
66586f7d-a350-4907-ab6a-aaae66caf729,claude-code,,2026-01-01T12:06:04.130448,,6,0,0,,0,,"2026-01-01 12:06:04",ea2f33a4-d808-434b-b776-b7246bd6134a,,1
f6b2d9a5-d403-49c4-91d5-614a2d38e585,claude-code,,2026-01-01T12:06:09.824287,,6,0,0,,0,,"2026-01-01 12:06:09",ea2f33a4-d808-434b-b776-b7246bd6134a,,1
d672199f-2576-4729-b71d-2591bfa83b83,test-reflex-integration,,2026-01-01T12:13:32.131487,,5,0,0,,0,,"2026-01-01 12:13:32",,,1
d96ecbea-2053-49ba-87fd-25c94db761c9,test-reflex-integration,,2026-01-01T12:13:32.156097,,5,0,0,,0,,"2026-01-01 12:13:32",,,1
19d2bf8c-f287-49a9-a5e1-35565d1cc06c,test-reflex-integration,,2026-01-01T12:13:32.165780,,5,0,0,,0,,"2026-01-01 12:13:32",,,1
5aab1a75-e3df-4b79-81fa-cf380b8e09f5,test-session,,2026-01-01T12:13:32.184689,,10,0,0,,0,,"2026-01-01 12:13:32",,,2
9e4eb850-f5f5-4a47-81bb-094a4025ab4e,test-reflex-integration,,2026-01-01T12:13:32.194292,,5,0,0,,0,,"2026-01-01 12:13:32",,,1
233813f0-a2f6-45f7-9668-cca2a0c32422,test-ai,,2026-01-01T12:13:36.512066,,0,0,0,,0,,"2026-01-01 12:13:36",,,1
49b6f926-b7d7-4c3e-bb2c-733235476a3a,test-ai,,2026-01-01T12:13:36.537802,,0,0,0,,0,,"2026-01-01 12:13:36",,,1
2efe1f0c-23a8-48cc-b1ac-8626d35951bd,test-sentinel,,2026-01-01T12:40:31.646809,,6,0,0,,0,,"2026-01-01 12:40:31",ea2f33a4-d808-434b-b776-b7246bd6134a,,1
7a683c84-e282-4ede-a425-965ae300c11c,claude-code,,2026-01-01T12:59:43.246893,,6,0,0,,0,,"2026-01-01 12:59:43",ea2f33a4-d808-434b-b776-b7246bd6134a,,1
34397bf5-b761-4b85-b09d-be5ba7971265,claude-rovo,,2026-01-01T13:10:11.969762,,6,0,0,,0,,"2026-01-01 13:10:11",ea2f33a4-d808-434b-b776-b7246bd6134a,,1
c3739e8f-abe3-4ff5-843a-091b39e8a0bf,claude-code,,2026-01-01T13:21:25.500935,,6,0,0,,0,,"2026-01-01 13:21:25",ea2f33a4-d808-434b-b776-b7246bd6134a,,1
c81d61b8-e6e2-44d7-b8eb-99d9d0bde37e,claude-code,,2026-01-01T13:30:27.606335,,6,0,0,,0,,"2026-01-01 13:30:27",ea2f33a4-d808-434b-b776-b7246bd6134a,,1
b508ae53-41b1-4462-aea1-4feeefc60dd0,claude-rovo,,2026-01-01T14:28:29.222405,,6,0,0,,0,,"2026-01-01 14:28:29",ea2f33a4-d808-434b-b776-b7246bd6134a,,1
24e0fd9a-cdeb-4128-8a22-33522e044ea7,claude-code,,2026-01-01T15:08:58.477225,,6,0,0,,0,,"2026-01-01 15:08:58",ea2f33a4-d808-434b-b776-b7246bd6134a,,1
f4d80e69-2c4d-4746-8744-4cb204e4dc50,claude-code,,2026-01-01T15:22:13.233953,,6,0,0,,0,,"2026-01-01 15:22:13",ea2f33a4-d808-434b-b776-b7246bd6134a,,1
b0ed1fc5-913a-46ad-bcdd-a6b87d0a11ea,claude-rovo,,2026-01-01T15:33:56.927557,,6,0,0,,0,,"2026-01-01 15:33:56",ea2f33a4-d808-434b-b776-b7246bd6134a,,1
3a3728a4-bb37-478f-a3f3-7b743305d974,claude-code,,2026-01-01T15:36:56.732951,,6,0,0,,0,,"2026-01-01 15:36:56",ea2f33a4-d808-434b-b776-b7246bd6134a,,1
b9ef4dbb-c0d7-492e-a3f1-abd07066d7f6,claude-code,,2026-01-01T15:41:23.668514,,6,0,0,,0,,"2026-01-01 15:41:23",ea2f33a4-d808-434b-b776-b7246bd6134a,,1
8d29daad-2012-4262-8a32-f48ba7ed1813,claude-code,,2026-01-01T16:16:54.308140,,6,0,0,,0,,"2026-01-01 16:16:54",ea2f33a4-d808-434b-b776-b7246bd6134a,,1
2922396d-bcee-494d-9189-944988cbfad6,claude-rovo,,2026-01-01T16:28:28.579148,,6,0,0,,0,,"2026-01-01 16:28:28",ea2f33a4-d808-434b-b776-b7246bd6134a,,1
ae60439d-54ca-4616-958c-84a241295b86,claude-code,,2026-01-01T17:26:02.397898,,6,0,0,,0,,"2026-01-01 17:26:02",ea2f33a4-d808-434b-b776-b7246bd6134a,,1
9f3afc43-5eda-405c-92c7-fabbb43acd78,test-reflex-integration,,2026-01-01T17:41:50.363188,,5,0,0,,0,,"2026-01-01 17:41:50",,,1
059cd8cd-ef4f-45a2-a269-8a56f44be006,test-reflex-integration,,2026-01-01T17:41:50.390923,,5,0,0,,0,,"2026-01-01 17:41:50",,,1
a348f518-4ae7-44f5-8504-aadb616a67d7,test-reflex-integration,,2026-01-01T17:41:50.413315,,5,0,0,,0,,"2026-01-01 17:41:50",,,1
f2747eec-ce0b-4331-90bd-dee23b7a7917,test-session,,2026-01-01T17:41:50.441176,,10,0,0,,0,,"2026-01-01 17:41:50",,,2
2e9089db-550e-4a38-90e5-7d684b080d41,test-reflex-integration,,2026-01-01T17:41:50.459907,,5,0,0,,0,,"2026-01-01 17:41:50",,,1
e7ac34a9-c7cc-4ea2-bf04-cec571029f35,test-ai,,2026-01-01T17:41:54.859093,,0,0,0,,0,,"2026-01-01 17:41:54",,,1
33ebb384-717a-48bd-b73d-c32cc12976f1,test-ai,,2026-01-01T17:41:54.889956,,0,0,0,,0,,"2026-01-01 17:41:54",,,1
25efb682-9903-4a1c-8481-4922935d5cef,test-reflex-integration,,2026-01-01T17:45:58.758250,,5,0,0,,0,,"2026-01-01 17:45:58",,,1
19d13983-073f-49bf-b30a-7c7c22f8be47,test-reflex-integration,,2026-01-01T17:45:58.786127,,5,0,0,,0,,"2026-01-01 17:45:58",,,1
f6d4e174-7410-41d8-aebc-d093c0b8b6b3,test-reflex-integration,,2026-01-01T17:45:58.808985,,5,0,0,,0,,"2026-01-01 17:45:58",,,1
ec9be8e0-a9cf-4cff-ae56-b2b01e068d7e,test-session,,2026-01-01T17:45:58.830933,,10,0,0,,0,,"2026-01-01 17:45:58",,,2
abc7b974-b5cc-4721-ba19-0f06649151ab,test-reflex-integration,,2026-01-01T17:45:58.848892,,5,0,0,,0,,"2026-01-01 17:45:58",,,1
b15feb60-2e45-4747-a5e3-596f6c53d3ce,test-ai,,2026-01-01T17:46:03.175898,,0,0,0,,0,,"2026-01-01 17:46:03",,,1
3a3f6641-3369-4ecc-9a8b-7e49d8b90cc5,test-ai,,2026-01-01T17:46:03.202152,,0,0,0,,0,,"2026-01-01 17:46:03",,,1
6c2482ec-0b58-43d8-90e6-802368b208d4,test_agent,,2026-01-01T17:46:49.945878,,6,0,0,,0,,"2026-01-01 17:46:49",ea2f33a4-d808-434b-b776-b7246bd6134a,,1
8e4feea0-122f-4efc-a88d-fbbd9f60b2e5,test_agent,,2026-01-01T17:46:58.864009,,6,0,0,,0,,"2026-01-01 17:46:58",ea2f33a4-d808-434b-b776-b7246bd6134a,,1
ee50a142-a975-4fd6-94c5-22e36099f02c,test_agent,,2026-01-01T17:46:59.157563,,6,0,0,,0,,"2026-01-01 17:46:59",ea2f33a4-d808-434b-b776-b7246bd6134a,,1
f6067b20-c8c5-4803-8f36-fef853cff7a3,test_agent,,2026-01-01T17:46:59.692576,,6,0,0,,0,,"2026-01-01 17:46:59",ea2f33a4-d808-434b-b776-b7246bd6134a,,1
13ac95a6-4cb0-4f88-9d2b-9c7c362effff,claude-code,,2026-01-01T18:19:47.252356,,6,0,0,,0,,"2026-01-01 18:19:47",ea2f33a4-d808-434b-b776-b7246bd6134a,,1
2ba34768-fc9d-441e-9864-5a5f1ef53146,claude-code,,2026-01-01T18:46:19.174014,,6,0,0,,0,,"2026-01-01 18:46:19",ea2f33a4-d808-434b-b776-b7246bd6134a,,1
e17abb48-5047-4479-874d-11e025226b3b,claude-code,,2026-01-01T19:11:06.750029,,6,0,0,,0,,"2026-01-01 19:11:06",ea2f33a4-d808-434b-b776-b7246bd6134a,,1
810983ce-527e-49d5-abac-21164e07f438,claude-rovo,,2026-01-02T07:28:46.856080,,6,0,0,,0,,"2026-01-02 07:28:46",ea2f33a4-d808-434b-b776-b7246bd6134a,,1
d3f384cd-7d2a-4359-b809-9368a1cc54e7,claude-rovo,,2026-01-02T07:50:24.754232,,6,0,0,,0,,"2026-01-02 07:50:24",ea2f33a4-d808-434b-b776-b7246bd6134a,,1
e7a423e4-3c83-4ffa-8c68-cc6714103575,claude-rovo,,2026-01-02T07:58:25.418202,,6,0,0,,0,,"2026-01-02 07:58:25",ea2f33a4-d808-434b-b776-b7246bd6134a,,1
a2951bd0-3f4e-4d95-8192-8d83fe6b7a05,test_cli_debug,,2026-01-02T07:58:32.982783,,6,0,0,,0,,"2026-01-02 07:58:32",ea2f33a4-d808-434b-b776-b7246bd6134a,,1
94e17b6d-73f3-4437-9446-8372ae637e46,test-reflex-integration,,2026-01-02T08:08:30.460583,,5,0,0,,0,,"2026-01-02 08:08:30",,,1
96c0420c-afeb-418f-8f23-a94344180b47,test-reflex-integration,,2026-01-02T08:09:13.618483,,5,0,0,,0,,"2026-01-02 08:09:13",,,1
f549a9ae-6f81-4bca-bf67-5c8a49c65d6f,test-reflex-integration,,2026-01-02T08:09:13.646057,,5,0,0,,0,,"2026-01-02 08:09:13",,,1
1bc5a208-6678-4099-811f-167e8091e8c1,test-reflex-integration,,2026-01-02T08:09:13.668867,,5,0,0,,0,,"2026-01-02 08:09:13",,,1
98229f0e-d76a-4da0-b54e-947b877655b4,test-session,,2026-01-02T08:09:13.690357,,10,0,0,,0,,"2026-01-02 08:09:13",,,2
8b9c93a6-6c6c-4026-b73b-a2c10aaef944,test-reflex-integration,,2026-01-02T08:09:13.708328,,5,0,0,,0,,"2026-01-02 08:09:13",,,1
2ab9ec73-081e-4415-b98f-916c319c3f6f,test-reflex-integration,,2026-01-02T08:10:39.731755,,5,0,0,,0,,"2026-01-02 08:10:39",,,1
c20eb448-ede2-4df0-82ed-4b62a632de26,claude-code,,2026-01-02T08:20:06.448875,,6,0,0,,0,,"2026-01-02 08:20:06",ea2f33a4-d808-434b-b776-b7246bd6134a,,1
e9844295-d911-4441-8368-8eedd5ad7c34,claude-rovo,,2026-01-02T08:25:22.573969,,6,0,0,,0,,"2026-01-02 08:25:22",ea2f33a4-d808-434b-b776-b7246bd6134a,,1
19e17fa8-e46b-43c9-8a91-9ded8c6490eb,test-reflex-integration,,2026-01-02T08:25:49.036200,,5,0,0,,0,,"2026-01-02 08:25:49",,,1
07fc3436-9a8c-494f-bb71-57f77c9472a4,claude-rovo,,2026-01-02T09:03:18.902281+00:00,,6,0,0,,0,,"2026-01-02 09:03:18",ea2f33a4-d808-434b-b776-b7246bd6134a,,1
2c9065c7-75d1-4be1-8eff-dcba4675336c,claude-code,,2026-01-02T09:16:32.693093+00:00,,6,0,0,,0,,"2026-01-02 09:16:32",ea2f33a4-d808-434b-b776-b7246bd6134a,,1
a5d62ad8-4d8f-42b2-acfa-caf644816804,claude-rovo,,2026-01-02T10:03:41.501631+00:00,,6,0,0,,0,,"2026-01-02 10:03:41",ea2f33a4-d808-434b-b776-b7246bd6134a,,1
d145c20c-33a1-462f-a7e4-f1729dee5733,claude-rovo,,2026-01-02T10:50:18.417546+00:00,,6,0,0,,0,,"2026-01-02 10:50:18",ea2f33a4-d808-434b-b776-b7246bd6134a,,1
12084d97-9717-4e7c-950c-9272d0a7dad3,claude-code,,2026-01-02T11:09:05.025975+00:00,,6,0,0,,0,,"2026-01-02 11:09:05",ea2f33a4-d808-434b-b776-b7246bd6134a,,1
1ce81a88-9c19-49cf-b691-8fa97b8f4855,test-ai,,2026-01-02T11:25:41.237693+00:00,,0,0,0,,0,,"2026-01-02 11:25:41",,,1
2d85c8b0-cdf9-443d-96ed-9fb877af871f,test-ai,,2026-01-02T11:25:41.270937+00:00,,0,0,0,,0,,"2026-01-02 11:25:41",,,1
158be659-287d-43c5-9902-48eb64c28bc9,test-ai,,2026-01-02T11:25:41.883439+00:00,,0,0,0,,0,,"2026-01-02 11:25:41",,,1
4c0c7491-6f98-42f6-83d4-29eb06ab9004,test-ai,,2026-01-02T11:25:41.917345+00:00,,0,0,0,,0,,"2026-01-02 11:25:41",,,1
181ea986-3bb3-47cf-86a6-86dd3f56f542,claude-outreach-reddit,,2026-01-02T12:40:11.318504+00:00,,6,0,0,,0,,"2026-01-02 12:40:11",ea2f33a4-d808-434b-b776-b7246bd6134a,,1
21bba12e-2eb6-44fa-8143-5128e47f3614,test-ai,,2026-01-02T13:01:54.999135+00:00,,0,0,0,,0,,"2026-01-02 13:01:54",,,1
95c351b0-78c9-47cf-b2ca-29ae08869c08,test-ai,,2026-01-02T13:01:55.024476+00:00,,0,0,0,,0,,"2026-01-02 13:01:55",,,1
f2c6ff53-2527-4c78-8b66-930d69966e7d,test-ai,,2026-01-02T13:06:04.447846+00:00,,0,0,0,,0,,"2026-01-02 13:06:04",,,1
81c5fe8c-8f69-405d-96c7-69cfbfa9d44f,test-ai,,2026-01-02T13:06:04.476515+00:00,,0,0,0,,0,,"2026-01-02 13:06:04",,,1
67764186-e63b-4616-8c3d-d15c685df90a,claude-code,,2026-01-02T15:08:56.910964+00:00,,6,0,0,,0,,"2026-01-02 15:08:56",ea2f33a4-d808-434b-b776-b7246bd6134a,,1
b2d53a03-3c23-43d9-bbcf-a259035d1d5a,claude-code,,2026-01-02T15:22:16.347398+00:00,,6,0,0,,0,,"2026-01-02 15:22:16",ea2f33a4-d808-434b-b776-b7246bd6134a,,1
4c5d77b4-36a3-4b1d-be14-e6f464656037,claude-code,,2026-01-02T15:35:16.329405+00:00,,6,0,0,,0,,"2026-01-02 15:35:16",ea2f33a4-d808-434b-b776-b7246bd6134a,,1
be72945b-f8bc-42fc-aae9-0a6bb140d2f1,claude-rovo,,2026-01-02T15:40:38.436558+00:00,,6,0,0,,0,,"2026-01-02 15:40:38",ea2f33a4-d808-434b-b776-b7246bd6134a,,1
db274dca-4419-4e52-bd2a-8f4c134ccbd2,claude-code,,2026-01-02T15:49:33.981488+00:00,,6,0,0,,0,,"2026-01-02 15:49:33",ea2f33a4-d808-434b-b776-b7246bd6134a,,1
cb74607c-2387-4ac0-bfd1-8a3e7f8cc6f2,claude-code,,2026-01-02T15:57:24.664357+00:00,,6,0,0,,0,,"2026-01-02 15:57:24",ea2f33a4-d808-434b-b776-b7246bd6134a,,1
f880915d-e2b9-4cff-a033-950bdf209251,claude-code,,2026-01-02T16:08:54.598407+00:00,,6,0,0,,0,,"2026-01-02 16:08:54",ea2f33a4-d808-434b-b776-b7246bd6134a,,1
f01312ca-decc-4495-ba9b-b668a857e33a,claude-code,,2026-01-02T16:49:12.113853+00:00,,6,0,0,,0,,"2026-01-02 16:49:12",ea2f33a4-d808-434b-b776-b7246bd6134a,,1
bcb463e5-d26c-4017-8409-a11f657d2ab0,claude-code,,2026-01-02T17:19:55.857093+00:00,,6,0,0,,0,,"2026-01-02 17:19:55",ea2f33a4-d808-434b-b776-b7246bd6134a,,1
1ac2f0b0-066b-4fd2-a1e4-65b5bbf30681,claude-code,,2026-01-02T17:23:26.966030+00:00,,6,0,0,,0,,"2026-01-02 17:23:26",ea2f33a4-d808-434b-b776-b7246bd6134a,,1
3a151eaf-477c-4b4c-9ced-2e9dfcfaa124,claude-rovo,,2026-01-03T09:57:53.435872+00:00,,6,0,0,,0,,"2026-01-03 09:57:53",ea2f33a4-d808-434b-b776-b7246bd6134a,,1
b294c987-2271-4ee4-aef5-2cee7d16e77d,copilot-outreach-cleanup,,2026-01-03T15:06:16.368050+00:00,,6,0,0,,0,,"2026-01-03 15:06:16",ea2f33a4-d808-434b-b776-b7246bd6134a,,1
3a5294d7-f6d4-4645-8285-5ac569cbf5e1,claude-code,,2026-01-03T16:19:05.520234+00:00,,6,0,0,,0,,"2026-01-03 16:19:05",ea2f33a4-d808-434b-b776-b7246bd6134a,,1
1daa9282-ff84-4595-9b83-1de2b72fe08b,claude-code,,2026-01-03T18:44:03.061743+00:00,,6,0,0,,0,,"2026-01-03 18:44:03",ea2f33a4-d808-434b-b776-b7246bd6134a,,1
e0d68cfd-61ab-4665-b79f-5670695f6d5e,claude-code,,2026-01-03T23:26:37.612986+00:00,,6,0,0,,0,,"2026-01-03 23:26:37",ea2f33a4-d808-434b-b776-b7246bd6134a,,1
8ed4ae17-e356-4e6d-987e-5d858fbb691e,claude-code,,2026-01-03T23:30:32.695105+00:00,,6,0,0,,0,,"2026-01-03 23:30:32",ea2f33a4-d808-434b-b776-b7246bd6134a,,1
fc851d91-f6d4-465b-aea1-a49bb57085ea,claude-code,,2026-01-04T00:31:11.873788+00:00,,6,0,0,,0,,"2026-01-04 00:31:11",ea2f33a4-d808-434b-b776-b7246bd6134a,,1
5f7ef21d-b907-48b9-ae62-157ae7ed1d6c,empirica-discord-bot,,2026-01-04T01:19:12.230082+00:00,,6,0,0,,0,,"2026-01-04 01:19:12",ea2f33a4-d808-434b-b776-b7246bd6134a,,1
a2a704ce-4d5e-42fc-a4a8-0e709aff6de9,empirica-discord-bot,,2026-01-04T01:45:30.886495+00:00,,6,0,0,,0,,"2026-01-04 01:45:30",ea2f33a4-d808-434b-b776-b7246bd6134a,,1
025c20e0-50b6-4c1d-bfad-4079c030631b,empirica-discord-bot,,2026-01-04T01:47:06.221919+00:00,,6,0,0,,0,,"2026-01-04 01:47:06",ea2f33a4-d808-434b-b776-b7246bd6134a,,1
28bfacc4-116a-4b04-914c-c217f92a4ead,empirica-discord-bot,,2026-01-04T01:47:23.644067+00:00,,6,0,0,,0,,"2026-01-04 01:47:23",ea2f33a4-d808-434b-b776-b7246bd6134a,,1
c5b8bbc5-5611-496d-a331-99b518e3c613,empirica-discord-bot,,2026-01-04T01:47:55.258917+00:00,,6,0,0,,0,,"2026-01-04 01:47:55",ea2f33a4-d808-434b-b776-b7246bd6134a,,1
6d1553e1-22b6-43c5-be66-7c8ef6d5703a,empirica-discord-bot,,2026-01-04T01:48:41.354119+00:00,,6,0,0,,0,,"2026-01-04 01:48:41",ea2f33a4-d808-434b-b776-b7246bd6134a,,1
9fda29c5-36f3-4f39-b3f0-c0818d101d67,empirica-discord-bot,,2026-01-04T01:49:14.442463+00:00,,6,0,0,,0,,"2026-01-04 01:49:14",ea2f33a4-d808-434b-b776-b7246bd6134a,,1
5e36ac94-2f57-4f33-879b-1395f73e24c8,empirica-discord-bot,,2026-01-04T01:56:36.583338+00:00,,6,0,0,,0,,"2026-01-04 01:56:36",ea2f33a4-d808-434b-b776-b7246bd6134a,,1
68a028a6-3aa5-42a6-afbc-3dbb81da9716,empirica-discord-bot,,2026-01-04T01:57:06.200811+00:00,,6,0,0,,0,,"2026-01-04 01:57:06",ea2f33a4-d808-434b-b776-b7246bd6134a,,1
55f03f2c-363d-4da2-9eb3-4c61f3c97e2d,empirica-discord-bot,,2026-01-04T01:57:26.157668+00:00,,6,0,0,,0,,"2026-01-04 01:57:26",ea2f33a4-d808-434b-b776-b7246bd6134a,,1
6db0137a-3e7c-423b-95d3-89dd3a71a36f,discord-thread-1453031121318183075,,2026-01-04T01:58:47.174336+00:00,,6,0,0,,0,,"2026-01-04 01:58:47",ea2f33a4-d808-434b-b776-b7246bd6134a,,1
2dca4dff-d6f9-405b-bc3c-93ad97b8adb5,claude-outreach,,2026-01-04T12:24:07.633019+00:00,,6,0,0,,0,,"2026-01-04 12:24:07",ea2f33a4-d808-434b-b776-b7246bd6134a,,1
b47724be-bcfc-44e0-a8b7-b9de3adbc5bc,claude-outreach,,2026-01-04T12:26:07.685984+00:00,,6,0,0,,0,,"2026-01-04 12:26:07",ea2f33a4-d808-434b-b776-b7246bd6134a,,1
79536c65-7b75-4162-a1b6-e18cc624c065,claude-code,,2026-01-04T12:32:42.218531+00:00,,6,0,0,,0,,"2026-01-04 12:32:42",ea2f33a4-d808-434b-b776-b7246bd6134a,,1
6b98e866-0000-467c-8b6d-dfc7f017f941,claude-outreach-reddit-dashboard,,2026-01-04T15:04:33.009537+00:00,,6,0,0,,0,,"2026-01-04 15:04:33",ea2f33a4-d808-434b-b776-b7246bd6134a,,1
0aee5bdb-8d9b-468a-83a3-e5f9a2c72ccc,claude-outreach-reddit-wiring,,2026-01-04T15:38:27.528858+00:00,,6,0,0,,0,,"2026-01-04 15:38:27",ea2f33a4-d808-434b-b776-b7246bd6134a,,1
525c999b-fd00-45b7-a576-231141b102be,claude-security-pr-planning,,2026-01-05T09:39:19.934294+00:00,,6,0,0,,0,,"2026-01-05 09:39:19",ea2f33a4-d808-434b-b776-b7246bd6134a,,1
4e5ade5e-a15d-404a-922c-359840946662,claude-security-execution,,2026-01-05T09:49:47.194339+00:00,,6,0,0,,0,,"2026-01-05 09:49:47",ea2f33a4-d808-434b-b776-b7246bd6134a,,1
2135572e-a23e-49d4-ac60-7db6c6b47664,claude-security-vectors-design,,2026-01-05T10:08:47.673950+00:00,,6,0,0,,0,,"2026-01-05 10:08:47",ea2f33a4-d808-434b-b776-b7246bd6134a,,1
745bd3f3-e780-4892-8d8b-2c6c97c9944e,claude-code,,2026-01-05T10:08:57.313863+00:00,,6,0,0,,0,,"2026-01-05 10:08:57",ea2f33a4-d808-434b-b776-b7246bd6134a,,1
43576eb0-c88a-4ad9-b1f2-fd6c2d207b77,claude-epistemic-security-audit,,2026-01-05T11:13:11.927251+00:00,,6,0,0,,0,,"2026-01-05 11:13:11",ea2f33a4-d808-434b-b776-b7246bd6134a,,1
1f1b5de0-938f-450d-a8da-b02290225c4c,claude-viberune-research,,2026-01-05T11:29:34.130895+00:00,,6,0,0,,0,,"2026-01-05 11:29:34",ea2f33a4-d808-434b-b776-b7246bd6134a,,1
951ee978-a321-4d59-8eff-21e5cea92c0a,claude-code,,2026-01-05T15:33:17.635118+00:00,,6,0,0,,0,,"2026-01-05 15:33:17",ea2f33a4-d808-434b-b776-b7246bd6134a,,1
1a922bed-16f5-4651-b90c-42e0f68873ee,claude-code,,2026-01-05T17:30:39.359182+00:00,,6,0,0,,0,,"2026-01-05 17:30:39",ea2f33a4-d808-434b-b776-b7246bd6134a,,1
318e3fd1-ce71-4be4-a3e7-a9cd1c2921a6,claude-code,,2026-01-06T11:53:17.431244+00:00,,6,0,0,,0,,"2026-01-06 11:53:17",ea2f33a4-d808-434b-b776-b7246bd6134a,,1
9e802e9d-1f51-4c58-a6cf-8d490a83a666,claude-code,,2026-01-06T13:00:28.716444+00:00,,6,0,0,,0,,"2026-01-06 13:00:28",ea2f33a4-d808-434b-b776-b7246bd6134a,,1
96bbac81-7293-4dd5-9b6d-6070d246a3bf,claude-rovo,,2026-01-06T13:05:42.316746+00:00,,6,0,0,,0,,"2026-01-06 13:05:42",ea2f33a4-d808-434b-b776-b7246bd6134a,,1
47004a18-d5d9-4371-9bd0-e998fca2d86a,claude-rovo,,2026-01-06T13:14:27.489433+00:00,,6,0,0,,0,,"2026-01-06 13:14:27",ea2f33a4-d808-434b-b776-b7246bd6134a,,1
6708a7e2-5b11-4d62-b89d-1e8342bb8697,claude-rovo,,2026-01-06T14:08:16.711228+00:00,,6,0,0,,0,,"2026-01-06 14:08:16",ea2f33a4-d808-434b-b776-b7246bd6134a,,1
1158cb26-e857-4d44-8344-3fcff59f90c2,claude-rovo,,2026-01-06T14:13:40.664875+00:00,,6,0,0,,0,,"2026-01-06 14:13:40",ea2f33a4-d808-434b-b776-b7246bd6134a,,1
0eb24830-72ef-4090-8127-da1b83894570,claude-rovo,,2026-01-06T14:22:31.239389+00:00,,6,0,0,,0,,"2026-01-06 14:22:31",ea2f33a4-d808-434b-b776-b7246bd6134a,,1
898fb8d3-33f7-4eaf-91b5-34bfbab6e77c,claude-code,,2026-01-06T14:47:00.033876+00:00,,6,0,0,,0,,"2026-01-06 14:47:00",ea2f33a4-d808-434b-b776-b7246bd6134a,,1
6549bf32-3640-4814-bad3-26615795eb59,claude-rovo,,2026-01-06T15:16:48.835870+00:00,,6,0,0,,0,,"2026-01-06 15:16:48",ea2f33a4-d808-434b-b776-b7246bd6134a,,1
1866545f-ce99-417b-b089-01450657f981,claude-code,,2026-01-06T15:25:25.273634+00:00,,6,0,0,,0,,"2026-01-06 15:25:25",ea2f33a4-d808-434b-b776-b7246bd6134a,,1
7fff8a8b-1ec1-4bc0-8c70-672eaf5a7d73,claude-code,,2026-01-06T18:27:04.353946+00:00,,6,0,0,,0,,"2026-01-06 18:27:04",ea2f33a4-d808-434b-b776-b7246bd6134a,,1
cee1d275-aefc-41a7-b783-d8ca47f19dcf,claude-code,,2026-01-06T19:45:46.835117+00:00,,6,0,0,,0,,"2026-01-06 19:45:46",ea2f33a4-d808-434b-b776-b7246bd6134a,"Implement lesson confidence decay when findings supersede",1
fb029a71-d2ab-4de1-a91a-395aa348186a,claude-code,,2026-01-06T20:25:24.099494+00:00,,6,0,0,,0,,"2026-01-06 20:25:24",ea2f33a4-d808-434b-b776-b7246bd6134a,"Cognitive Immune System for Epistemic Awareness",1
6a3c5506-d160-4087-87dd-e89482d92947,claude-code,,2026-01-06T20:58:55.285384+00:00,,6,0,0,,0,,"2026-01-06 20:58:55",ea2f33a4-d808-434b-b776-b7246bd6134a,"Knowledge Graph Edge Creation for Lesson Map",1
d8c42537-2e08-4102-9ef1-00c1162388ac,claude-code,,2026-01-06T21:55:20.516524+00:00,,6,0,0,,0,,"2026-01-06 21:55:20",ea2f33a4-d808-434b-b776-b7246bd6134a,notebooklm,1
412bfb40-b6c8-4233-b024-eff3eb9c011e,claude-code,,2026-01-06T22:45:04.621166+00:00,,6,0,0,,0,,"2026-01-06 22:45:04",ea2f33a4-d808-434b-b776-b7246bd6134a,,1
49824952-83b1-4337-b6eb-733443db2f5f,claude-code,,2026-01-06T23:01:30.749133+00:00,,6,0,0,,0,,"2026-01-06 23:01:30",ea2f33a4-d808-434b-b776-b7246bd6134a,,1
091da12c-3863-4dc8-992f-3095ae5eb03b,claude-code,,2026-01-06T23:26:23.935753+00:00,,6,0,0,,0,,"2026-01-06 23:26:23",ea2f33a4-d808-434b-b776-b7246bd6134a,,1
c3a90736-5e72-468e-b7e5-6abb0535b07a,claude-code,,2026-01-06T23:26:35.099307+00:00,,6,0,0,,0,,"2026-01-06 23:26:35",ea2f33a4-d808-434b-b776-b7246bd6134a,,1
021dfa53-73c8-483c-b6f3-1b79d5231e10,claude-rovo,,2026-01-06T23:27:22.694295+00:00,,6,0,0,,0,,"2026-01-06 23:27:22",ea2f33a4-d808-434b-b776-b7246bd6134a,,1
3fd7554e-f12c-4ee8-8eff-92445d3f392f,claude-code,,2026-01-07T00:09:27.568238+00:00,,6,0,0,,0,,"2026-01-07 00:09:27",ea2f33a4-d808-434b-b776-b7246bd6134a,,1
dc9d01e8-9d2e-4f50-b747-6e2f51cfbb92,claude-code,,2026-01-07T12:52:15.920524+00:00,,6,0,0,,0,,"2026-01-07 12:52:15",ea2f33a4-d808-434b-b776-b7246bd6134a,,1
e9b75d98-6e7b-41a9-83d0-ad33fcad9cca,claude-rovo,,2026-01-07T13:02:35.561188+00:00,,6,0,0,,0,,"2026-01-07 13:02:35",ea2f33a4-d808-434b-b776-b7246bd6134a,,1
afd7e0d6-e156-4cad-8ee0-4204573b653a,claude-rovo,,2026-01-07T14:42:00.816914+00:00,,6,0,0,,0,,"2026-01-07 14:42:00",ea2f33a4-d808-434b-b776-b7246bd6134a,,1
fad2242f-33f5-4666-b17e-4b1c52733c1b,claude-code,,2026-01-07T15:40:42.862470+00:00,,6,0,0,,0,,"2026-01-07 15:40:42",ea2f33a4-d808-434b-b776-b7246bd6134a,,1
aeaf51fc-0f2d-475a-973c-2d9eb75d71bf,claude-code,,2026-01-07T15:57:23.134609+00:00,,6,0,0,,0,,"2026-01-07 15:57:23",ea2f33a4-d808-434b-b776-b7246bd6134a,,1
0d6060fe-fd0f-48b9-aeaa-8e34b0dba3fb,claude-code,,2026-01-07T16:02:49.563027+00:00,,6,0,0,,0,,"2026-01-07 16:02:49",ea2f33a4-d808-434b-b776-b7246bd6134a,,1
830f0f53-0b19-43c9-b7e7-54f5c5e6266d,claude-code,,2026-01-07T16:07:18.189330+00:00,,6,0,0,,0,,"2026-01-07 16:07:18",ea2f33a4-d808-434b-b776-b7246bd6134a,,1
50e531c8-0b6b-4c8d-9573-4aa4e3be973b,claude-code,,2026-01-07T16:10:46.164702+00:00,,6,0,0,,0,,"2026-01-07 16:10:46",ea2f33a4-d808-434b-b776-b7246bd6134a,,1
e120eb70-4d7c-4995-a20c-4a43e6da73e9,claude-code,,2026-01-07T16:14:27.547144+00:00,,6,0,0,,0,,"2026-01-07 16:14:27",ea2f33a4-d808-434b-b776-b7246bd6134a,,1
6caf2b1a-5740-467c-b8f8-bb869ae24e9d,claude-code,,2026-01-07T16:23:45.060065+00:00,,6,0,0,,0,,"2026-01-07 16:23:45",ea2f33a4-d808-434b-b776-b7246bd6134a,,1
02e60e7a-ac03-4359-b645-e4b3fb1d6da9,claude-code,,2026-01-07T16:35:01.003774+00:00,,6,0,0,,0,,"2026-01-07 16:35:01",ea2f33a4-d808-434b-b776-b7246bd6134a,,1
93c4fda3-c7a6-4470-b02a-f3641e19d274,claude-code,,2026-01-07T16:35:24.985849+00:00,,6,0,0,,0,,"2026-01-07 16:35:24",ea2f33a4-d808-434b-b776-b7246bd6134a,,1
0857995d-6d09-4a36-a923-82aa23518eda,claude-code,,2026-01-07T16:35:34.623350+00:00,,6,0,0,,0,,"2026-01-07 16:35:34",ea2f33a4-d808-434b-b776-b7246bd6134a,,1
7a379215-02ee-416a-826a-f9557abf1c47,claude-code,,2026-01-07T16:35:42.341357+00:00,,6,0,0,,0,,"2026-01-07 16:35:42",ea2f33a4-d808-434b-b776-b7246bd6134a,,1
0d91284a-4fc7-4332-9524-8c9e61eb2719,claude-code,,2026-01-07T18:25:29.921242+00:00,,6,0,0,,0,,"2026-01-07 18:25:29",748a81a2-ac14-45b8-a185-994997b76828,,1
4e4ffc7e-b6c7-465e-8a00-5a5f49702528,claude-code,,2026-01-07T19:14:52.749385+00:00,,6,0,0,,0,,"2026-01-07 19:14:52",748a81a2-ac14-45b8-a185-994997b76828,,1
55617110-4742-45d1-9764-ffa2343925c5,claude-code,,2026-01-07T19:20:57.863399+00:00,,6,0,0,,0,,"2026-01-07 19:20:57",748a81a2-ac14-45b8-a185-994997b76828,,1
9aed0ccc-71df-4bff-af17-6c6d5273f3ff,claude-code,,2026-01-07T19:21:38.872631+00:00,,6,0,0,,0,,"2026-01-07 19:21:38",748a81a2-ac14-45b8-a185-994997b76828,,1
42b1c04d-3e1e-4c0b-84f4-9e1c3c2b2952,claude-code,,2026-01-07T19:24:37.074675+00:00,,6,0,0,,0,,"2026-01-07 19:24:37",748a81a2-ac14-45b8-a185-994997b76828,,1
6b201175-8a79-4f13-894f-72e3d0485b25,claude-code,,2026-01-07T20:18:56.690785+00:00,,6,0,0,,0,,"2026-01-07 20:18:56",748a81a2-ac14-45b8-a185-994997b76828,,1
