evidence_count,variance,vector_name,posterior_mean,prior_mean
1,0.0714285714285714,know,0.642857142857143,0.5
1,0.0714285714285714,uncertainty,0.357142857142857,0.5
1,0.0714285714285714,know,0.678571428571429,0.5
1,0.0714285714285714,context,0.642857142857143,0.5
1,0.0714285714285714,uncertainty,0.321428571428571,0.5
1,0.0714285714285714,engagement,0.821428571428571,0.95
1,0.0714285714285714,know,0.785714285714286,0.7
1,0.0714285714285714,do,0.75,0.75
1,0.0714285714285714,context,0.785714285714286,0.8
1,0.0714285714285714,clarity,0.821428571428571,0.75
1,0.0714285714285714,coherence,0.8,0.7
1,0.0714285714285714,signal,0.785714285714286,0.7
1,0.0714285714285714,density,0.771428571428572,0.65
1,0.0714285714285714,state,0.821428571428571,0.7
1,0.0714285714285714,change,0.785714285714286,0.6
1,0.0714285714285714,completion,0.857142857142857,0.1
1,0.0714285714285714,impact,0.785714285714286,0.6
1,0.0714285714285714,uncertainty,0.214285714285714,0.5
1,0.0714285714285714,engagement,0.821428571428571,0.9
1,0.0714285714285714,know,0.678571428571429,0.55
1,0.0714285714285714,context,0.714285714285714,0.6
1,0.0714285714285714,completion,0.642857142857143,0.35
1,0.0714285714285714,impact,0.785714285714286,0.85
1,0.0714285714285714,uncertainty,0.321428571428571,0.45
1,0.0714285714285714,do,0.771428571428572,0.75
1,0.0714285714285714,clarity,0.785714285714286,0.8
1,0.0714285714285714,coherence,0.785714285714286,0.85
1,0.0714285714285714,signal,0.75,0.75
1,0.0714285714285714,density,0.321428571428571,0.3
1,0.0714285714285714,state,0.75,0.75
1,0.0714285714285714,change,0.714285714285714,0.6
1,0.0714285714285714,engagement,0.8,0.9
1,0.0714285714285714,know,0.8,0.85
1,0.0714285714285714,do,0.828571428571429,0.95
1,0.0714285714285714,context,0.771428571428572,0.8
1,0.0714285714285714,clarity,0.785714285714286,0.85
1,0.0714285714285714,coherence,0.771428571428572,0.8
1,0.0714285714285714,signal,0.785714285714286,0.85
1,0.0714285714285714,density,0.678571428571429,0.65
1,0.0714285714285714,state,0.75,0.75
1,0.0714285714285714,change,0.807142857142857,0.9
1,0.0714285714285714,completion,0.714285714285714,0.7
1,0.0714285714285714,impact,0.771428571428572,0.8
1,0.0714285714285714,uncertainty,0.25,0.3
1,0.0714285714285714,know,0.514285714285714,0.52
1,0.0714285714285714,context,0.571428571428572,0.6
1,0.0714285714285714,uncertainty,0.692857142857143,0.77
1,0.0714285714285714,engagement,0.785714285714286,0.85
1,0.0714285714285714,know,0.785714285714286,0.7
1,0.0714285714285714,do,0.75,0.75
1,0.0714285714285714,context,0.821428571428571,0.8
1,0.0714285714285714,clarity,0.821428571428571,0.85
1,0.0714285714285714,coherence,0.785714285714286,0.8
1,0.0714285714285714,signal,0.785714285714286,0.75
1,0.0714285714285714,density,0.821428571428571,0.85
1,0.0714285714285714,state,0.821428571428571,0.7
1,0.0714285714285714,change,0.785714285714286,0.6
1,0.0714285714285714,completion,0.714285714285714,0.15
1,0.0714285714285714,impact,0.75,0.4
1,0.0714285714285714,uncertainty,0.25,0.35
1,0.0714285714285714,engagement,0.821428571428571,0.9
1,0.0714285714285714,know,0.821428571428571,0.9
1,0.0714285714285714,do,0.821428571428571,0.85
1,0.0714285714285714,context,0.821428571428571,0.95
1,0.0714285714285714,clarity,0.842857142857143,0.95
1,0.0714285714285714,coherence,0.821428571428571,0.9
1,0.0714285714285714,signal,0.821428571428571,0.9
1,0.0714285714285714,density,0.821428571428571,0.9
1,0.0714285714285714,state,0.842857142857143,0.95
1,0.0714285714285714,change,0.821428571428571,0.85
1,0.0714285714285714,completion,0.821428571428571,0.1
1,0.0714285714285714,impact,0.821428571428571,0.3
1,0.0714285714285714,uncertainty,0.178571428571429,0.15
1,0.0714285714285714,engagement,0.842857142857143,0.95
1,0.0714285714285714,know,0.821428571428571,0.9
1,0.0714285714285714,do,0.75,0.85
1,0.0714285714285714,context,0.821428571428571,0.95
1,0.0714285714285714,clarity,0.842857142857143,0.95
1,0.0714285714285714,coherence,0.821428571428571,0.9
1,0.0714285714285714,signal,0.821428571428571,0.9
1,0.0714285714285714,density,0.821428571428571,0.9
1,0.0714285714285714,state,0.842857142857143,0.95
1,0.0714285714285714,change,0.785714285714286,0.7
1,0.0714285714285714,completion,0.821428571428571,0.1
1,0.0714285714285714,impact,0.785714285714286,0.2
1,0.0714285714285714,uncertainty,0.178571428571429,0.2
1,0.0714285714285714,engagement,0.842857142857143,0.95
1,0.0714285714285714,know,0.842857142857143,0.95
1,0.0714285714285714,do,0.821428571428571,0.95
1,0.0714285714285714,context,0.842857142857143,0.98
1,0.0714285714285714,clarity,0.842857142857143,0.95
1,0.0714285714285714,coherence,0.842857142857143,0.95
1,0.0714285714285714,signal,0.842857142857143,0.95
1,0.0714285714285714,density,0.821428571428571,0.95
1,0.0714285714285714,state,0.842857142857143,0.95
1,0.0714285714285714,change,0.821428571428571,0.95
1,0.0714285714285714,completion,0.821428571428571,0.95
1,0.0714285714285714,impact,0.785714285714286,0.95
1,0.0714285714285714,uncertainty,0.157142857142857,0.05
1,0.0714285714285714,know,0.642857142857143,0.7
1,0.0714285714285714,context,0.5,0.5
1,0.0714285714285714,uncertainty,0.357142857142857,0.3
1,0.0714285714285714,engagement,0.75,0.85
1,0.0714285714285714,know,0.75,0.6
1,0.0714285714285714,do,0.785714285714286,0.85
1,0.0714285714285714,context,0.678571428571429,0.5
1,0.0714285714285714,clarity,0.785714285714286,0.8
1,0.0714285714285714,coherence,0.785714285714286,0.85
1,0.0714285714285714,signal,0.75,0.75
1,0.0714285714285714,density,0.535714285714286,0.65
1,0.0714285714285714,state,0.714285714285714,0.4
1,0.0714285714285714,change,0.785714285714286,0.85
1,0.0714285714285714,completion,0.785714285714286,0.7
1,0.0714285714285714,impact,0.821428571428571,0.9
1,0.0714285714285714,uncertainty,0.357142857142857,0.7
1,0.0714285714285714,know,0.75,0.85
1,0.0714285714285714,do,0.678571428571429,0.75
1,0.0714285714285714,context,0.785714285714286,0.9
1,0.0714285714285714,know,0.75,0.85
1,0.0714285714285714,do,0.678571428571429,0.75
1,0.0714285714285714,context,0.785714285714286,0.9
1,0.0714285714285714,know,0.75,0.85
1,0.0714285714285714,context,0.785714285714286,0.9
1,0.0714285714285714,uncertainty,0.25,0.15
1,0.0714285714285714,engagement,0.75,0.85
1,0.0714285714285714,know,0.75,0.85
1,0.0714285714285714,do,0.678571428571429,0.75
1,0.0714285714285714,context,0.785714285714286,0.9
1,0.0714285714285714,clarity,0.75,0.85
1,0.0714285714285714,coherence,0.75,0.85
1,0.0714285714285714,signal,0.714285714285714,0.8
1,0.0714285714285714,density,0.357142857142857,0.3
1,0.0714285714285714,state,0.785714285714286,0.9
1,0.0714285714285714,change,0.25,0.15
1,0.0714285714285714,completion,0.357142857142857,0.3
1,0.0714285714285714,impact,0.428571428571429,0.4
1,0.0714285714285714,uncertainty,0.25,0.15
1,0.0714285714285714,engagement,0.75,0.85
1,0.0714285714285714,know,0.75,0.85
1,0.0714285714285714,do,0.678571428571429,0.75
1,0.0714285714285714,context,0.785714285714286,0.9
1,0.0714285714285714,clarity,0.75,0.85
1,0.0714285714285714,coherence,0.75,0.85
1,0.0714285714285714,signal,0.714285714285714,0.8
1,0.0714285714285714,density,0.357142857142857,0.3
1,0.0714285714285714,state,0.785714285714286,0.9
1,0.0714285714285714,change,0.25,0.15
1,0.0714285714285714,completion,0.357142857142857,0.3
1,0.0714285714285714,impact,0.428571428571429,0.4
1,0.0714285714285714,uncertainty,0.25,0.15
2,0.0416666666666667,know,0.666666666666667,0.5
2,0.0416666666666667,uncertainty,0.333333333333333,0.5
2,0.0416666666666667,know,0.7625,0.4
2,0.0416666666666667,context,0.770833333333333,0.45
2,0.0416666666666667,completion,0.75,0.35
2,0.0416666666666667,uncertainty,0.25,0.6
2,0.0416666666666667,engagement,0.8625,0.9
2,0.0416666666666667,impact,0.833333333333333,0.85
2,0.0416666666666667,do,0.825,0.7
2,0.0416666666666667,clarity,0.833333333333333,0.8
2,0.0416666666666667,coherence,0.833333333333333,0.85
2,0.0416666666666667,signal,0.791666666666667,0.75
2,0.0416666666666667,density,0.291666666666667,0.3
2,0.0416666666666667,state,0.791666666666667,0.7
2,0.0416666666666667,change,0.770833333333333,0.5
2,0.0416666666666667,engagement,0.875,0.95
2,0.0416666666666667,know,0.854166666666667,0.7
2,0.0416666666666667,do,0.8125,0.75
2,0.0416666666666667,context,0.854166666666667,0.8
2,0.0416666666666667,clarity,0.875,0.75
2,0.0416666666666667,coherence,0.8625,0.7
2,0.0416666666666667,signal,0.854166666666667,0.7
2,0.0416666666666667,density,0.845833333333333,0.65
2,0.0416666666666667,state,0.875,0.7
2,0.0416666666666667,change,0.833333333333333,0.6
2,0.0416666666666667,completion,0.916666666666667,0.1
2,0.0416666666666667,impact,0.833333333333333,0.6
2,0.0416666666666667,uncertainty,0.145833333333333,0.5
2,0.0416666666666667,engagement,0.8625,0.9
2,0.0416666666666667,know,0.833333333333333,0.75
2,0.0416666666666667,do,0.866666666666667,0.85
2,0.0416666666666667,context,0.804166666666667,0.7
2,0.0416666666666667,clarity,0.833333333333333,0.7
2,0.0416666666666667,coherence,0.816666666666667,0.65
2,0.0416666666666667,signal,0.833333333333333,0.75
2,0.0416666666666667,density,0.729166666666667,0.6
2,0.0416666666666667,state,0.791666666666667,0.6
2,0.0416666666666667,change,0.845833333333333,0.75
2,0.0416666666666667,completion,0.729166666666667,0.5
2,0.0416666666666667,impact,0.816666666666667,0.7
2,0.0416666666666667,uncertainty,0.208333333333333,0.5
2,0.0416666666666667,engagement,0.791666666666667,0.85
2,0.0416666666666667,know,0.791666666666667,0.6
2,0.0416666666666667,do,0.833333333333333,0.85
2,0.0416666666666667,context,0.708333333333333,0.5
2,0.0416666666666667,clarity,0.833333333333333,0.8
2,0.0416666666666667,coherence,0.833333333333333,0.85
2,0.0416666666666667,signal,0.791666666666667,0.75
2,0.0416666666666667,density,0.541666666666667,0.65
2,0.0416666666666667,state,0.75,0.4
2,0.0416666666666667,change,0.833333333333333,0.85
2,0.0416666666666667,completion,0.833333333333333,0.7
2,0.0416666666666667,impact,0.875,0.9
2,0.0416666666666667,uncertainty,0.333333333333333,0.7
2,0.0416666666666667,engagement,0.8125,0.8
2,0.0416666666666667,know,0.8125,0.8
2,0.0416666666666667,do,0.75,0.7
2,0.0416666666666667,context,0.854166666666667,0.9
2,0.0416666666666667,clarity,0.8125,0.8
2,0.0416666666666667,coherence,0.8125,0.8
2,0.0416666666666667,signal,0.770833333333333,0.7
2,0.0416666666666667,density,0.354166666666667,0.3
2,0.0416666666666667,state,0.854166666666667,0.9
2,0.0416666666666667,change,0.1875,0.2
2,0.0416666666666667,completion,0.583333333333333,0.1
2,0.0416666666666667,impact,0.541666666666667,0.3
2,0.0416666666666667,uncertainty,0.1875,0.2
3,0.0294117647058824,know,0.676470588235294,0.5
3,0.0294117647058824,uncertainty,0.323529411764706,0.5
3,0.0294117647058824,know,0.802941176470588,0.7
3,0.0294117647058824,context,0.802941176470588,0.75
3,0.0294117647058824,uncertainty,0.211764705882353,0.3
3,0.0294117647058824,completion,0.808823529411765,0.4
3,0.0294117647058824,engagement,0.879411764705882,0.9
3,0.0294117647058824,impact,0.823529411764706,0.75
3,0.0294117647058824,do,0.847058823529412,0.85
3,0.0294117647058824,clarity,0.852941176470588,0.85
3,0.0294117647058824,coherence,0.852941176470588,0.85
3,0.0294117647058824,signal,0.808823529411765,0.8
3,0.0294117647058824,density,0.279411764705882,0.3
3,0.0294117647058824,state,0.81764705882353,0.8
3,0.0294117647058824,change,0.794117647058824,0.7
3,0.0294117647058824,engagement,0.891176470588235,0.9
3,0.0294117647058824,know,0.858823529411765,0.75
3,0.0294117647058824,do,0.891176470588235,0.85
3,0.0294117647058824,context,0.832352941176471,0.7
3,0.0294117647058824,clarity,0.861764705882353,0.7
3,0.0294117647058824,coherence,0.844117647058824,0.65
3,0.0294117647058824,signal,0.858823529411765,0.75
3,0.0294117647058824,density,0.764705882352941,0.6
3,0.0294117647058824,state,0.829411764705882,0.6
3,0.0294117647058824,change,0.870588235294118,0.75
3,0.0294117647058824,completion,0.764705882352941,0.5
3,0.0294117647058824,impact,0.844117647058824,0.7
3,0.0294117647058824,uncertainty,0.170588235294118,0.5
3,0.0294117647058824,engagement,0.808823529411765,0.85
3,0.0294117647058824,know,0.808823529411765,0.6
3,0.0294117647058824,do,0.852941176470588,0.85
3,0.0294117647058824,context,0.720588235294118,0.5
3,0.0294117647058824,clarity,0.852941176470588,0.8
3,0.0294117647058824,coherence,0.852941176470588,0.85
3,0.0294117647058824,signal,0.808823529411765,0.75
3,0.0294117647058824,density,0.544117647058824,0.65
3,0.0294117647058824,state,0.764705882352941,0.4
3,0.0294117647058824,change,0.852941176470588,0.85
3,0.0294117647058824,completion,0.852941176470588,0.7
3,0.0294117647058824,impact,0.897058823529412,0.9
3,0.0294117647058824,uncertainty,0.323529411764706,0.7
3,0.0294117647058824,engagement,0.838235294117647,0.9
3,0.0294117647058824,know,0.823529411764706,0.85
3,0.0294117647058824,do,0.779411764705882,0.85
3,0.0294117647058824,context,0.867647058823529,0.9
3,0.0294117647058824,clarity,0.823529411764706,0.85
3,0.0294117647058824,coherence,0.823529411764706,0.85
3,0.0294117647058824,signal,0.779411764705882,0.8
3,0.0294117647058824,density,0.367647058823529,0.4
3,0.0294117647058824,state,0.867647058823529,0.9
3,0.0294117647058824,change,0.176470588235294,0.15
3,0.0294117647058824,completion,0.691176470588235,0.95
3,0.0294117647058824,impact,0.617647058823529,0.8
3,0.0294117647058824,uncertainty,0.176470588235294,0.15
4,0.0227272727272727,know,0.681818181818182,0.5
4,0.0227272727272727,uncertainty,0.318181818181818,0.5
4,0.0227272727272727,know,0.829545454545455,0.75
4,0.0227272727272727,context,0.836363636363636,0.85
4,0.0227272727272727,uncertainty,0.186363636363636,0.25
4,0.0227272727272727,completion,0.840909090909091,0.3
4,0.0227272727272727,engagement,0.888636363636364,0.9
4,0.0227272727272727,impact,0.829545454545454,0.75
4,0.0227272727272727,clarity,0.863636363636364,0.6
4,0.0227272727272727,do,0.847727272727273,0.5
4,0.0227272727272727,coherence,0.840909090909091,0.5
4,0.0227272727272727,signal,0.795454545454546,0.5
4,0.0227272727272727,density,0.375,0.5
4,0.0227272727272727,state,0.813636363636364,0.5
4,0.0227272727272727,change,0.772727272727273,0.5
4,0.0227272727272727,engagement,0.902272727272727,0.88
4,0.0227272727272727,know,0.868181818181818,0.8
4,0.0227272727272727,do,0.888636363636364,0.75
4,0.0227272727272727,context,0.852272727272727,0.85
4,0.0227272727272727,clarity,0.875,0.75
4,0.0227272727272727,coherence,0.856818181818182,0.7
4,0.0227272727272727,signal,0.870454545454545,0.75
4,0.0227272727272727,density,0.777272727272727,0.6
4,0.0227272727272727,state,0.840909090909091,0.65
4,0.0227272727272727,change,0.877272727272727,0.7
4,0.0227272727272727,completion,0.727272727272727,0.4
4,0.0227272727272727,impact,0.852272727272727,0.65
4,0.0227272727272727,uncertainty,0.159090909090909,0.45
4,0.0227272727272727,engagement,0.818181818181818,0.85
4,0.0227272727272727,know,0.818181818181818,0.6
4,0.0227272727272727,do,0.863636363636364,0.85
4,0.0227272727272727,context,0.727272727272727,0.5
4,0.0227272727272727,clarity,0.863636363636364,0.8
4,0.0227272727272727,coherence,0.863636363636364,0.85
4,0.0227272727272727,signal,0.818181818181818,0.75
4,0.0227272727272727,density,0.545454545454546,0.65
4,0.0227272727272727,state,0.772727272727273,0.4
4,0.0227272727272727,change,0.863636363636364,0.85
4,0.0227272727272727,completion,0.863636363636364,0.7
4,0.0227272727272727,impact,0.909090909090909,0.9
4,0.0227272727272727,uncertainty,0.318181818181818,0.7
4,0.0227272727272727,engagement,0.852272727272727,0.8
4,0.0227272727272727,know,0.829545454545454,0.8
4,0.0227272727272727,do,0.795454545454545,0.7
4,0.0227272727272727,context,0.875,0.9
4,0.0227272727272727,clarity,0.829545454545454,0.8
4,0.0227272727272727,coherence,0.829545454545454,0.8
4,0.0227272727272727,signal,0.784090909090909,0.7
4,0.0227272727272727,density,0.375,0.3
4,0.0227272727272727,state,0.875,0.9
4,0.0227272727272727,change,0.170454545454545,0.2
4,0.0227272727272727,completion,0.75,0.1
4,0.0227272727272727,impact,0.659090909090909,0.3
4,0.0227272727272727,uncertainty,0.170454545454545,0.2
5,0.0185185185185185,know,0.685185185185185,0.5
5,0.0185185185185185,uncertainty,0.314814814814815,0.5
5,0.0185185185185185,know,0.842592592592593,0.75
5,0.0185185185185185,context,0.851851851851852,0.85
5,0.0185185185185185,uncertainty,0.174074074074074,0.25
5,0.0185185185185185,completion,0.861111111111111,0.3
5,0.0185185185185185,engagement,0.881481481481481,0.85
5,0.0185185185185185,clarity,0.87037037037037,0.5
5,0.0185185185185185,impact,0.824074074074074,0.5
5,0.0185185185185185,do,0.848148148148148,0.5
5,0.0185185185185185,coherence,0.833333333333333,0.55
5,0.0185185185185185,signal,0.796296296296296,0.5
5,0.0185185185185185,density,0.444444444444444,0.45
5,0.0185185185185185,state,0.811111111111111,0.55
5,0.0185185185185185,change,0.768518518518518,0.0
5,0.0185185185185185,engagement,0.912962962962963,0.92
5,0.0185185185185185,know,0.879629629629629,0.85
5,0.0185185185185185,do,0.890740740740741,0.8
5,0.0185185185185185,context,0.864814814814815,0.88
5,0.0185185185185185,clarity,0.885185185185185,0.8
5,0.0185185185185185,coherence,0.866666666666667,0.78
5,0.0185185185185185,signal,0.879629629629629,0.8
5,0.0185185185185185,density,0.788888888888889,0.7
5,0.0185185185185185,state,0.851851851851852,0.75
5,0.0185185185185185,change,0.887037037037037,0.75
5,0.0185185185185185,completion,0.737037037037037,0.35
5,0.0185185185185185,impact,0.864814814814815,0.7
5,0.0185185185185185,uncertainty,0.148148148148148,0.35
5,0.0185185185185185,engagement,0.824074074074074,0.85
5,0.0185185185185185,know,0.824074074074074,0.6
5,0.0185185185185185,do,0.87037037037037,0.85
5,0.0185185185185185,context,0.731481481481481,0.5
5,0.0185185185185185,clarity,0.87037037037037,0.8
5,0.0185185185185185,coherence,0.87037037037037,0.85
5,0.0185185185185185,signal,0.824074074074074,0.75
5,0.0185185185185185,density,0.546296296296296,0.65
5,0.0185185185185185,state,0.777777777777778,0.4
5,0.0185185185185185,change,0.87037037037037,0.85
5,0.0185185185185185,completion,0.87037037037037,0.7
5,0.0185185185185185,impact,0.916666666666667,0.9
5,0.0185185185185185,uncertainty,0.314814814814815,0.7
6,0.015625,know,0.84375,0.4
6,0.015625,context,0.85625,0.5
6,0.015625,uncertainty,0.1703125,0.55
6,0.015625,completion,0.8671875,0.1
6,0.015625,engagement,0.884375,0.9
6,0.015625,clarity,0.875,0.5
6,0.015625,impact,0.8203125,0.5
6,0.015625,do,0.840625,0.55
6,0.015625,coherence,0.828125,0.6
6,0.015625,signal,0.7890625,0.55
6,0.015625,density,0.484375,0.5
6,0.015625,state,0.809375,0.6
6,0.015625,change,0.75,0.0
6,0.015625,engagement,0.9171875,0.9
6,0.015625,know,0.8859375,0.88
6,0.015625,do,0.884375,0.85
6,0.015625,context,0.875,0.9
6,0.015625,clarity,0.8875,0.85
6,0.015625,coherence,0.8703125,0.83
6,0.015625,signal,0.884375,0.85
6,0.015625,density,0.796875,0.78
6,0.015625,state,0.85625,0.8
6,0.015625,change,0.890625,0.82
6,0.015625,completion,0.7078125,0.3
6,0.015625,impact,0.8671875,0.8
6,0.015625,uncertainty,0.1484375,0.25
6,0.015625,engagement,0.828125,0.85
6,0.015625,know,0.828125,0.6
6,0.015625,do,0.875,0.85
6,0.015625,context,0.734375,0.5
6,0.015625,clarity,0.875,0.8
6,0.015625,coherence,0.875,0.85
6,0.015625,signal,0.828125,0.75
6,0.015625,density,0.546875,0.65
6,0.015625,state,0.78125,0.4
6,0.015625,change,0.875,0.85
6,0.015625,completion,0.875,0.7
6,0.015625,impact,0.921875,0.9
6,0.015625,uncertainty,0.3125,0.7
7,0.0135135135135135,know,0.844594594594594,0.7
7,0.0135135135135135,context,0.848648648648649,0.65
7,0.0135135135135135,uncertainty,0.167567567567568,0.3
7,0.0135135135135135,engagement,0.886486486486487,0.9
7,0.0135135135135135,completion,0.878378378378378,0.5
7,0.0135135135135135,clarity,0.871621621621621,0.5
7,0.0135135135135135,impact,0.810810810810811,0.5
7,0.0135135135135135,do,0.828378378378378,0.5
7,0.0135135135135135,coherence,0.817567567567568,0.55
7,0.0135135135135135,signal,0.777027027027027,0.5
7,0.0135135135135135,density,0.506756756756757,0.45
7,0.0135135135135135,state,0.801351351351351,0.55
7,0.0135135135135135,change,0.72972972972973,0.0
7,0.0135135135135135,engagement,0.927027027027027,0.95
7,0.0135135135135135,know,0.898648648648648,0.95
7,0.0135135135135135,do,0.897297297297297,0.95
7,0.0135135135135135,context,0.889189189189189,0.95
7,0.0135135135135135,clarity,0.901351351351351,0.95
7,0.0135135135135135,coherence,0.886486486486487,0.95
7,0.0135135135135135,signal,0.898648648648649,0.95
7,0.0135135135135135,density,0.821621621621622,0.95
7,0.0135135135135135,state,0.872972972972973,0.85
7,0.0135135135135135,change,0.904054054054054,0.9
7,0.0135135135135135,completion,0.740540540540541,0.2
7,0.0135135135135135,impact,0.883783783783784,0.9
7,0.0135135135135135,uncertainty,0.12972972972973,0.05
7,0.0135135135135135,engagement,0.831081081081081,0.85
7,0.0135135135135135,know,0.831081081081081,0.6
7,0.0135135135135135,do,0.878378378378378,0.85
7,0.0135135135135135,context,0.736486486486486,0.5
7,0.0135135135135135,clarity,0.878378378378378,0.8
7,0.0135135135135135,coherence,0.878378378378378,0.85
7,0.0135135135135135,signal,0.831081081081081,0.75
7,0.0135135135135135,density,0.547297297297297,0.65
7,0.0135135135135135,state,0.783783783783784,0.4
7,0.0135135135135135,change,0.878378378378378,0.85
7,0.0135135135135135,completion,0.878378378378378,0.7
7,0.0135135135135135,impact,0.925675675675676,0.9
7,0.0135135135135135,uncertainty,0.310810810810811,0.7
8,0.0119047619047619,know,0.845238095238095,0.65
8,0.0119047619047619,context,0.842857142857143,0.6
8,0.0119047619047619,uncertainty,0.16547619047619,0.4
8,0.0119047619047619,engagement,0.885714285714286,0.9
8,0.0119047619047619,completion,0.886904761904762,0.5
8,0.0119047619047619,clarity,0.869047619047619,0.6
8,0.0119047619047619,impact,0.81547619047619,0.0
8,0.0119047619047619,do,0.825,0.7
8,0.0119047619047619,coherence,0.815476190476191,0.7
8,0.0119047619047619,signal,0.779761904761905,0.7
8,0.0119047619047619,density,0.505952380952381,0.5
8,0.0119047619047619,state,0.801190476190476,0.7
8,0.0119047619047619,change,0.726190476190476,0.5
8,0.0119047619047619,engagement,0.911904761904762,0.8
8,0.0119047619047619,know,0.886904761904762,0.8
8,0.0119047619047619,do,0.885714285714286,0.8
8,0.0119047619047619,context,0.878571428571429,0.8
8,0.0119047619047619,clarity,0.889285714285714,0.8
8,0.0119047619047619,coherence,0.876190476190476,0.8
8,0.0119047619047619,signal,0.886904761904762,0.8
8,0.0119047619047619,density,0.819047619047619,0.8
8,0.0119047619047619,state,0.864285714285714,0.8
8,0.0119047619047619,change,0.891666666666667,0.8
8,0.0119047619047619,completion,0.747619047619048,0.8
8,0.0119047619047619,impact,0.873809523809524,0.8
8,0.0119047619047619,uncertainty,0.138095238095238,0.2
8,0.0119047619047619,engagement,0.833333333333333,0.85
8,0.0119047619047619,know,0.833333333333333,0.6
8,0.0119047619047619,do,0.880952380952381,0.85
8,0.0119047619047619,context,0.738095238095238,0.5
8,0.0119047619047619,clarity,0.880952380952381,0.8
8,0.0119047619047619,coherence,0.880952380952381,0.85
8,0.0119047619047619,signal,0.833333333333333,0.75
8,0.0119047619047619,density,0.547619047619048,0.65
8,0.0119047619047619,state,0.785714285714286,0.4
8,0.0119047619047619,change,0.880952380952381,0.85
8,0.0119047619047619,completion,0.880952380952381,0.7
8,0.0119047619047619,impact,0.928571428571429,0.9
8,0.0119047619047619,uncertainty,0.30952380952381,0.7
9,0.0106382978723404,know,0.848936170212766,0.8
9,0.0106382978723404,context,0.843617021276596,0.75
9,0.0106382978723404,uncertainty,0.16063829787234,0.25
9,0.0106382978723404,engagement,0.881914893617021,0.9
9,0.0106382978723404,completion,0.888297872340426,0.5
9,0.0106382978723404,clarity,0.867021276595745,0.65
9,0.0106382978723404,impact,0.803191489361702,0.0
9,0.0106382978723404,do,0.832978723404255,0.8
9,0.0106382978723404,coherence,0.824468085106383,0.75
9,0.0106382978723404,signal,0.787234042553192,0.7
9,0.0106382978723404,density,0.537234042553192,0.65
9,0.0106382978723404,state,0.806382978723404,0.7
9,0.0106382978723404,change,0.74468085106383,0.75
9,0.0106382978723404,know,0.877659574468085,0.8
9,0.0106382978723404,do,0.881914893617021,0.85
9,0.0106382978723404,context,0.870212765957447,0.8
9,0.0106382978723404,clarity,0.890425531914894,0.9
9,0.0106382978723404,coherence,0.873404255319149,0.85
9,0.0106382978723404,signal,0.882978723404255,0.85
9,0.0106382978723404,density,0.811702127659574,0.75
9,0.0106382978723404,state,0.857446808510638,0.8
9,0.0106382978723404,change,0.887234042553192,0.85
9,0.0106382978723404,completion,0.71063829787234,0.4
9,0.0106382978723404,impact,0.834042553191489,0.5
9,0.0106382978723404,uncertainty,0.15531914893617,0.3
9,0.0106382978723404,engagement,0.910638297872341,0.85
9,0.0106382978723404,engagement,0.835106382978723,0.85
9,0.0106382978723404,know,0.835106382978723,0.6
9,0.0106382978723404,do,0.882978723404255,0.85
9,0.0106382978723404,context,0.73936170212766,0.5
9,0.0106382978723404,clarity,0.882978723404255,0.8
9,0.0106382978723404,coherence,0.882978723404255,0.85
9,0.0106382978723404,signal,0.835106382978723,0.75
9,0.0106382978723404,density,0.547872340425532,0.65
9,0.0106382978723404,state,0.787234042553191,0.4
9,0.0106382978723404,change,0.882978723404255,0.85
9,0.0106382978723404,completion,0.882978723404255,0.7
9,0.0106382978723404,impact,0.930851063829787,0.9
9,0.0106382978723404,uncertainty,0.308510638297872,0.7
10,0.00961538461538462,know,0.849038461538461,0.7
10,0.00961538461538462,context,0.839423076923077,0.65
10,0.00961538461538462,uncertainty,0.159615384615385,0.3
10,0.00961538461538462,engagement,0.878846153846154,0.8
10,0.00961538461538462,completion,0.894230769230769,0.0
10,0.00961538461538462,clarity,0.855769230769231,0.55
10,0.00961538461538462,impact,0.788461538461538,0.0
10,0.00961538461538462,do,0.834615384615385,0.6
10,0.00961538461538462,coherence,0.831730769230769,0.75
10,0.00961538461538462,signal,0.793269230769231,0.7
10,0.00961538461538462,density,0.552884615384615,0.55
10,0.00961538461538462,state,0.813461538461539,0.7
10,0.00961538461538462,change,0.75,0.65
10,0.00961538461538462,know,0.875,0.85
10,0.00961538461538462,do,0.883653846153846,0.9
10,0.00961538461538462,context,0.868269230769231,0.85
10,0.00961538461538462,clarity,0.891346153846154,0.9
10,0.00961538461538462,coherence,0.871153846153846,0.85
10,0.00961538461538462,signal,0.884615384615385,0.9
10,0.00961538461538462,density,0.810576923076923,0.8
10,0.00961538461538462,state,0.856730769230769,0.85
10,0.00961538461538462,change,0.888461538461539,0.9
10,0.00961538461538462,completion,0.709615384615385,0.7
10,0.00961538461538462,impact,0.825961538461539,0.75
10,0.00961538461538462,uncertainty,0.164423076923077,0.25
10,0.00961538461538462,engagement,0.909615384615385,0.85
10,0.00961538461538462,engagement,0.836538461538462,0.85
10,0.00961538461538462,know,0.836538461538462,0.6
10,0.00961538461538462,do,0.884615384615384,0.85
10,0.00961538461538462,context,0.740384615384615,0.5
10,0.00961538461538462,clarity,0.884615384615384,0.8
10,0.00961538461538462,coherence,0.884615384615384,0.85
10,0.00961538461538462,signal,0.836538461538462,0.75
10,0.00961538461538462,density,0.548076923076923,0.65
10,0.00961538461538462,state,0.788461538461538,0.4
10,0.00961538461538462,change,0.884615384615384,0.85
10,0.00961538461538462,completion,0.884615384615384,0.7
10,0.00961538461538462,impact,0.932692307692308,0.9
10,0.00961538461538462,uncertainty,0.307692307692308,0.7
11,0.0087719298245614,know,0.853508771929825,0.6
11,0.0087719298245614,context,0.844736842105263,0.65
11,0.0087719298245614,uncertainty,0.154385964912281,0.4
11,0.0087719298245614,engagement,0.871929824561403,0.85
11,0.0087719298245614,completion,0.890350877192982,0.0
11,0.0087719298245614,clarity,0.855263157894737,0.75
11,0.0087719298245614,impact,0.785087719298246,0.6
11,0.0087719298245614,do,0.831578947368421,0.75
11,0.0087719298245614,coherence,0.833333333333334,0.8
11,0.0087719298245614,signal,0.793859649122807,0.75
11,0.0087719298245614,density,0.570175438596491,0.7
11,0.0087719298245614,state,0.814035087719298,0.75
11,0.0087719298245614,change,0.723684210526316,0.2
11,0.0087719298245614,know,0.87719298245614,0.75
11,0.0087719298245614,do,0.889473684210526,0.85
11,0.0087719298245614,context,0.871052631578948,0.8
11,0.0087719298245614,clarity,0.896491228070175,0.9
11,0.0087719298245614,coherence,0.873684210526316,0.8
11,0.0087719298245614,signal,0.890350877192982,0.85
11,0.0087719298245614,density,0.814035087719298,0.7
11,0.0087719298245614,state,0.864912280701754,0.75
11,0.0087719298245614,change,0.893859649122807,0.8
11,0.0087719298245614,completion,0.730701754385965,0.2
11,0.0087719298245614,impact,0.832456140350877,0.3
11,0.0087719298245614,uncertainty,0.163157894736842,0.35
11,0.0087719298245614,engagement,0.908771929824562,0.85
11,0.0087719298245614,engagement,0.837719298245614,0.85
11,0.0087719298245614,know,0.837719298245614,0.6
11,0.0087719298245614,do,0.885964912280702,0.85
11,0.0087719298245614,context,0.741228070175439,0.5
11,0.0087719298245614,clarity,0.885964912280702,0.8
11,0.0087719298245614,coherence,0.885964912280702,0.85
11,0.0087719298245614,signal,0.837719298245614,0.75
11,0.0087719298245614,density,0.548245614035088,0.65
11,0.0087719298245614,state,0.789473684210526,0.4
11,0.0087719298245614,change,0.885964912280702,0.85
11,0.0087719298245614,completion,0.885964912280702,0.7
11,0.0087719298245614,impact,0.934210526315789,0.9
11,0.0087719298245614,uncertainty,0.307017543859649,0.7
12,0.00806451612903226,know,0.855645161290322,0.55
12,0.00806451612903226,context,0.849193548387097,0.7
12,0.00806451612903226,uncertainty,0.154032258064516,0.45
12,0.00806451612903226,engagement,0.866129032258064,0.85
12,0.00806451612903226,completion,0.883064516129032,0.0
12,0.00806451612903226,clarity,0.854838709677419,0.7
12,0.00806451612903226,impact,0.786290322580645,0.7
12,0.00806451612903226,do,0.837096774193549,0.65
12,0.00806451612903226,coherence,0.834677419354839,0.7
12,0.00806451612903226,signal,0.794354838709678,0.7
12,0.00806451612903226,density,0.584677419354839,0.6
12,0.00806451612903226,state,0.820967741935484,0.7
12,0.00806451612903226,change,0.733870967741935,0.2
12,0.00806451612903226,know,0.879032258064516,0.9
12,0.00806451612903226,do,0.890322580645161,0.9
12,0.00806451612903226,context,0.873387096774194,0.9
12,0.00806451612903226,clarity,0.900806451612903,0.95
12,0.00806451612903226,coherence,0.875806451612903,0.9
12,0.00806451612903226,signal,0.895161290322581,0.95
12,0.00806451612903226,density,0.816935483870968,0.85
12,0.00806451612903226,state,0.867741935483871,0.9
12,0.00806451612903226,change,0.890322580645161,0.85
12,0.00806451612903226,completion,0.720161290322581,0.6
12,0.00806451612903226,impact,0.821774193548387,0.7
12,0.00806451612903226,uncertainty,0.166129032258064,0.2
12,0.00806451612903226,engagement,0.912096774193549,0.9
12,0.00806451612903226,engagement,0.838709677419355,0.85
12,0.00806451612903226,know,0.838709677419355,0.6
12,0.00806451612903226,do,0.887096774193548,0.85
12,0.00806451612903226,context,0.741935483870968,0.5
12,0.00806451612903226,clarity,0.887096774193548,0.8
12,0.00806451612903226,coherence,0.887096774193548,0.85
12,0.00806451612903226,signal,0.838709677419355,0.75
12,0.00806451612903226,density,0.548387096774194,0.65
12,0.00806451612903226,state,0.790322580645161,0.4
12,0.00806451612903226,change,0.887096774193548,0.85
12,0.00806451612903226,completion,0.887096774193548,0.7
12,0.00806451612903226,impact,0.935483870967742,0.9
12,0.00806451612903226,uncertainty,0.306451612903226,0.7
13,0.00746268656716418,know,0.855223880597015,0.65
13,0.00746268656716418,context,0.852985074626866,0.8
13,0.00746268656716418,uncertainty,0.153731343283582,0.35
13,0.00746268656716418,engagement,0.864925373134328,0.8
13,0.00746268656716418,completion,0.869402985074627,0.2
13,0.00746268656716418,clarity,0.856716417910448,0.7
13,0.00746268656716418,impact,0.791044776119403,0.7
13,0.00746268656716418,do,0.845522388059702,0.5
13,0.00746268656716418,coherence,0.83955223880597,0.5
13,0.00746268656716418,signal,0.798507462686567,0.5
13,0.00746268656716418,density,0.600746268656716,0.45
13,0.00746268656716418,state,0.830597014925373,0.6
13,0.00746268656716418,change,0.746268656716418,0.2
13,0.00746268656716418,know,0.884328358208955,0.7
13,0.00746268656716418,do,0.894776119402985,0.8
13,0.00746268656716418,context,0.879104477611941,0.75
13,0.00746268656716418,clarity,0.906716417910448,0.85
13,0.00746268656716418,coherence,0.88134328358209,0.75
13,0.00746268656716418,signal,0.901492537313433,0.8
13,0.00746268656716418,density,0.823134328358209,0.65
13,0.00746268656716418,state,0.873880597014925,0.7
13,0.00746268656716418,change,0.894776119402985,0.75
13,0.00746268656716418,completion,0.737313432835821,0.15
13,0.00746268656716418,impact,0.83134328358209,0.3
13,0.00746268656716418,uncertainty,0.161194029850746,0.4
13,0.00746268656716418,engagement,0.911194029850747,0.85
13,0.00746268656716418,engagement,0.83955223880597,0.85
13,0.00746268656716418,know,0.83955223880597,0.6
13,0.00746268656716418,do,0.888059701492537,0.85
13,0.00746268656716418,context,0.742537313432836,0.5
13,0.00746268656716418,clarity,0.888059701492537,0.8
13,0.00746268656716418,coherence,0.888059701492537,0.85
13,0.00746268656716418,signal,0.83955223880597,0.75
13,0.00746268656716418,density,0.548507462686567,0.65
13,0.00746268656716418,state,0.791044776119403,0.4
13,0.00746268656716418,change,0.888059701492537,0.85
13,0.00746268656716418,completion,0.888059701492537,0.7
13,0.00746268656716418,impact,0.936567164179105,0.9
13,0.00746268656716418,uncertainty,0.305970149253731,0.7
14,0.00694444444444444,know,0.856944444444444,0.6
14,0.00694444444444444,context,0.857638888888889,0.7
14,0.00694444444444444,uncertainty,0.151388888888889,0.4
14,0.00694444444444444,engagement,0.867361111111111,0.85
14,0.00694444444444444,completion,0.875,0.1
14,0.00694444444444444,clarity,0.854166666666667,0.78
14,0.00694444444444444,impact,0.788194444444444,0.7
14,0.00694444444444444,do,0.854861111111111,0.7
14,0.00694444444444444,coherence,0.847222222222223,0.8
14,0.00694444444444444,signal,0.805555555555556,0.75
14,0.00694444444444444,density,0.618055555555556,0.7
14,0.00694444444444444,state,0.842361111111111,0.85
14,0.00694444444444444,change,0.760416666666667,0.3
14,0.00694444444444444,know,0.875,0.75
14,0.00694444444444444,do,0.891666666666667,0.85
14,0.00694444444444444,context,0.866666666666667,0.7
14,0.00694444444444444,clarity,0.902777777777778,0.85
14,0.00694444444444444,coherence,0.875694444444445,0.8
14,0.00694444444444444,signal,0.897916666666667,0.85
14,0.00694444444444444,density,0.814583333333333,0.7
14,0.00694444444444444,state,0.861805555555556,0.7
14,0.00694444444444444,change,0.888194444444445,0.8
14,0.00694444444444444,completion,0.7,0.2
14,0.00694444444444444,impact,0.801388888888889,0.4
14,0.00694444444444444,uncertainty,0.174305555555556,0.35
14,0.00694444444444444,engagement,0.913888888888889,0.9
14,0.00694444444444444,engagement,0.840277777777778,0.85
14,0.00694444444444444,know,0.840277777777778,0.6
14,0.00694444444444444,do,0.888888888888889,0.85
14,0.00694444444444444,context,0.743055555555556,0.5
14,0.00694444444444444,clarity,0.888888888888889,0.8
14,0.00694444444444444,coherence,0.888888888888889,0.85
14,0.00694444444444444,signal,0.840277777777778,0.75
14,0.00694444444444444,density,0.548611111111111,0.65
14,0.00694444444444444,state,0.791666666666667,0.4
14,0.00694444444444444,change,0.888888888888889,0.85
14,0.00694444444444444,completion,0.888888888888889,0.7
14,0.00694444444444444,impact,0.9375,0.9
14,0.00694444444444444,uncertainty,0.305555555555556,0.7
15,0.00649350649350649,know,0.85974025974026,0.75
15,0.00649350649350649,context,0.861688311688312,0.85
15,0.00649350649350649,uncertainty,0.148051948051948,0.25
15,0.00649350649350649,engagement,0.869480519480519,0.85
15,0.00649350649350649,completion,0.873376623376624,0.4
15,0.00649350649350649,clarity,0.857142857142857,0.75
15,0.00649350649350649,impact,0.788961038961039,0.75
15,0.00649350649350649,do,0.861038961038961,0.55
15,0.00649350649350649,coherence,0.850649350649351,0.65
15,0.00649350649350649,signal,0.811688311688312,0.55
15,0.00649350649350649,density,0.633116883116883,0.5
15,0.00649350649350649,state,0.849350649350649,0.75
15,0.00649350649350649,change,0.766233766233766,0.15
15,0.00649350649350649,know,0.876623376623377,0.9
15,0.00649350649350649,do,0.892207792207792,0.9
15,0.00649350649350649,context,0.868831168831169,0.9
15,0.00649350649350649,clarity,0.905844155844156,0.95
15,0.00649350649350649,coherence,0.877272727272727,0.9
15,0.00649350649350649,signal,0.901298701298701,0.95
15,0.00649350649350649,density,0.816883116883117,0.85
15,0.00649350649350649,state,0.867532467532468,0.95
15,0.00649350649350649,change,0.885714285714286,0.85
15,0.00649350649350649,completion,0.712987012987013,0.9
15,0.00649350649350649,impact,0.804545454545455,0.85
15,0.00649350649350649,uncertainty,0.172727272727273,0.15
15,0.00649350649350649,engagement,0.916233766233767,0.9
16,0.00609756097560976,know,0.853048780487805,0.75
16,0.00609756097560976,context,0.857926829268293,0.85
16,0.00609756097560976,uncertainty,0.154268292682927,0.25
16,0.00609756097560976,engagement,0.871341463414634,0.85
16,0.00609756097560976,completion,0.871951219512195,0.8
16,0.00609756097560976,clarity,0.859756097560976,0.55
16,0.00609756097560976,impact,0.792682926829268,0.7
16,0.00609756097560976,do,0.866463414634147,0.55
16,0.00609756097560976,coherence,0.850609756097561,0.65
16,0.00609756097560976,signal,0.814024390243903,0.55
16,0.00609756097560976,density,0.643292682926829,0.5
16,0.00609756097560976,state,0.855487804878049,0.75
16,0.00609756097560976,change,0.774390243902439,0.15
16,0.00609756097560976,know,0.878048780487805,0.7
16,0.00609756097560976,do,0.892682926829268,0.8
16,0.00609756097560976,context,0.870731707317074,0.75
16,0.00609756097560976,clarity,0.908536585365854,0.8
16,0.00609756097560976,coherence,0.881707317073171,0.75
16,0.00609756097560976,signal,0.904268292682927,0.8
16,0.00609756097560976,density,0.821951219512195,0.65
16,0.00609756097560976,state,0.872560975609756,0.65
16,0.00609756097560976,change,0.886585365853659,0.75
16,0.00609756097560976,completion,0.727439024390244,0.1
16,0.00609756097560976,impact,0.810365853658537,0.3
16,0.00609756097560976,uncertainty,0.168292682926829,0.4
16,0.00609756097560976,engagement,0.91829268292683,0.85
17,0.00574712643678161,know,0.847126436781609,0.55
17,0.00574712643678161,context,0.854597701149425,0.5
17,0.00574712643678161,uncertainty,0.159770114942529,0.45
17,0.00574712643678161,engagement,0.870114942528736,0.85
17,0.00574712643678161,completion,0.876436781609196,0.1
17,0.00574712643678161,clarity,0.864942528735632,0.75
17,0.00574712643678161,impact,0.801724137931034,0.85
17,0.00574712643678161,do,0.859770114942529,0.75
17,0.00574712643678161,coherence,0.847701149425288,0.7
17,0.00574712643678161,signal,0.810344827586207,0.65
17,0.00574712643678161,density,0.646551724137931,0.6
17,0.00574712643678161,state,0.849425287356322,0.5
17,0.00574712643678161,change,0.770114942528735,0.4
17,0.00574712643678161,know,0.879310344827586,0.9
17,0.00574712643678161,do,0.895977011494253,0.95
17,0.00574712643678161,context,0.872413793103449,0.9
17,0.00574712643678161,clarity,0.910919540229885,0.95
17,0.00574712643678161,coherence,0.885632183908046,0.95
17,0.00574712643678161,signal,0.906896551724138,0.95
17,0.00574712643678161,density,0.826436781609195,0.9
17,0.00574712643678161,state,0.877011494252874,0.95
17,0.00574712643678161,change,0.890229885057471,0.95
17,0.00574712643678161,completion,0.740229885057471,0.95
17,0.00574712643678161,impact,0.818390804597702,0.95
17,0.00574712643678161,uncertainty,0.164367816091954,0.1
17,0.00574712643678161,engagement,0.917241379310345,0.85
18,0.00543478260869565,know,0.841847826086957,0.6
18,0.00543478260869565,context,0.851630434782609,0.55
18,0.00543478260869565,uncertainty,0.164673913043478,0.4
18,0.00543478260869565,engagement,0.869021739130435,0.9
18,0.00543478260869565,completion,0.875,0.1
18,0.00543478260869565,clarity,0.869565217391305,0.6
18,0.00543478260869565,impact,0.804347826086957,0.8
18,0.00543478260869565,do,0.853804347826087,0.6
18,0.00543478260869565,change,0.760869565217391,0.3
18,0.00543478260869565,coherence,0.842391304347826,0.6
18,0.00543478260869565,signal,0.801630434782609,0.5
18,0.00543478260869565,density,0.635869565217391,0.45
18,0.00543478260869565,state,0.841304347826087,0.55
18,0.00543478260869565,know,0.880434782608696,0.75
18,0.00543478260869565,do,0.898913043478261,0.85
18,0.00543478260869565,context,0.876630434782609,0.8
18,0.00543478260869565,clarity,0.914673913043478,0.85
18,0.00543478260869565,coherence,0.889130434782609,0.8
18,0.00543478260869565,signal,0.910869565217391,0.85
18,0.00543478260869565,density,0.833152173913044,0.7
18,0.00543478260869565,state,0.882608695652174,0.7
18,0.00543478260869565,change,0.893478260869565,0.8
18,0.00543478260869565,completion,0.753260869565217,0.1
18,0.00543478260869565,impact,0.82554347826087,0.4
18,0.00543478260869565,uncertainty,0.158152173913043,0.35
18,0.00543478260869565,engagement,0.919021739130435,0.85
19,0.00515463917525773,know,0.834536082474227,0.55
19,0.00515463917525773,context,0.84639175257732,0.5
19,0.00515463917525773,uncertainty,0.171649484536082,0.45
19,0.00515463917525773,engagement,0.865463917525773,0.9
19,0.00515463917525773,completion,0.881443298969072,0.2
19,0.00515463917525773,clarity,0.871134020618557,0.6
19,0.00515463917525773,impact,0.809278350515464,0.8
19,0.00515463917525773,do,0.840721649484536,0.4
19,0.00515463917525773,change,0.742268041237113,0.35
19,0.00515463917525773,signal,0.79639175257732,0.7
19,0.00515463917525773,density,0.628865979381443,0.6
19,0.00515463917525773,coherence,0.844329896907217,0.8
19,0.00515463917525773,state,0.841752577319588,0.8
19,0.00515463917525773,know,0.881443298969072,0.9
19,0.00515463917525773,do,0.89639175257732,0.85
19,0.00515463917525773,context,0.877835051546392,0.9
19,0.00515463917525773,clarity,0.916494845360825,0.95
19,0.00515463917525773,coherence,0.889690721649485,0.9
19,0.00515463917525773,signal,0.912886597938144,0.95
19,0.00515463917525773,density,0.834020618556701,0.85
19,0.00515463917525773,state,0.883505154639175,0.9
19,0.00515463917525773,change,0.891237113402062,0.85
19,0.00515463917525773,completion,0.758247422680412,0.85
19,0.00515463917525773,impact,0.824226804123712,0.8
19,0.00515463917525773,uncertainty,0.160309278350515,0.2
20,0.00490196078431373,know,0.830392156862745,0.65
20,0.00490196078431373,context,0.844117647058824,0.7
20,0.00490196078431373,uncertainty,0.175490196078431,0.35
20,0.00490196078431373,engagement,0.859803921568628,0.85
20,0.00490196078431373,completion,0.882352941176471,0.1
20,0.00490196078431373,clarity,0.86764705882353,0.7
20,0.00490196078431373,impact,0.801470588235294,0.5
20,0.00490196078431373,change,0.737745098039216,0.65
20,0.00490196078431373,signal,0.791666666666667,0.5
20,0.00490196078431373,density,0.622549019607843,0.6
20,0.00490196078431373,do,0.841176470588236,0.85
20,0.00490196078431373,coherence,0.847058823529412,0.85
20,0.00490196078431373,state,0.843627450980392,0.8
20,0.00490196078431373,know,0.882352941176471,0.8
20,0.00490196078431373,do,0.896568627450981,0.85
20,0.00490196078431373,context,0.878921568627451,0.8
20,0.00490196078431373,clarity,0.918137254901961,0.85
20,0.00490196078431373,coherence,0.890196078431373,0.8
20,0.00490196078431373,signal,0.914705882352941,0.85
20,0.00490196078431373,density,0.837254901960785,0.7
20,0.00490196078431373,state,0.886764705882353,0.7
20,0.00490196078431373,change,0.891666666666667,0.8
20,0.00490196078431373,completion,0.765196078431373,0.1
20,0.00490196078431373,impact,0.825490196078432,0.4
20,0.00490196078431373,uncertainty,0.159803921568627,0.35
21,0.00467289719626168,know,0.831308411214953,0.7
21,0.00467289719626168,context,0.844392523364486,0.75
21,0.00467289719626168,uncertainty,0.174299065420561,0.3
21,0.00467289719626168,engagement,0.859345794392524,0.85
21,0.00467289719626168,completion,0.880841121495327,0.1
21,0.00467289719626168,clarity,0.862149532710281,0.55
21,0.00467289719626168,impact,0.796728971962617,0.65
21,0.00467289719626168,change,0.726635514018692,0.55
21,0.00467289719626168,signal,0.787383177570094,0.5
21,0.00467289719626168,density,0.616822429906542,0.6
21,0.00467289719626168,do,0.842990654205608,0.75
21,0.00467289719626168,coherence,0.849532710280374,0.75
21,0.00467289719626168,state,0.848598130841122,0.6
21,0.00467289719626168,know,0.883177570093458,0.9
21,0.00467289719626168,do,0.896728971962617,0.9
21,0.00467289719626168,context,0.879906542056075,0.9
21,0.00467289719626168,clarity,0.919626168224299,0.95
21,0.00467289719626168,coherence,0.890654205607477,0.9
21,0.00467289719626168,signal,0.916355140186916,0.95
21,0.00467289719626168,density,0.83785046728972,0.85
21,0.00467289719626168,state,0.889719626168224,0.95
21,0.00467289719626168,change,0.892056074766355,0.9
21,0.00467289719626168,completion,0.773831775700935,0.95
21,0.00467289719626168,impact,0.828971962616823,0.9
21,0.00467289719626168,uncertainty,0.157009345794393,0.1
22,0.00446428571428571,know,0.833482142857143,0.72
22,0.00446428571428571,context,0.846875,0.75
22,0.00446428571428571,uncertainty,0.173214285714286,0.28
22,0.00446428571428571,engagement,0.861160714285715,0.8
22,0.00446428571428571,completion,0.875,0.3
22,0.00446428571428571,clarity,0.866071428571429,0.7
22,0.00446428571428571,impact,0.794642857142857,0.75
22,0.00446428571428571,change,0.71875,0.6
22,0.00446428571428571,signal,0.787946428571429,0.55
22,0.00446428571428571,density,0.622767857142857,0.6
22,0.00446428571428571,do,0.838839285714286,0.75
22,0.00446428571428571,state,0.846428571428572,0.5
22,0.00446428571428571,coherence,0.840625,0.65
22,0.00446428571428571,know,0.883928571428571,0.8
22,0.00446428571428571,do,0.896875,0.85
22,0.00446428571428571,context,0.883035714285715,0.8
22,0.00446428571428571,clarity,0.920982142857143,0.85
22,0.00446428571428571,coherence,0.893303571428572,0.8
22,0.00446428571428571,signal,0.917857142857143,0.85
22,0.00446428571428571,density,0.840625,0.7
22,0.00446428571428571,state,0.892410714285714,0.7
22,0.00446428571428571,change,0.894642857142857,0.8
22,0.00446428571428571,completion,0.781696428571429,0.1
22,0.00446428571428571,impact,0.832142857142858,0.4
22,0.00446428571428571,uncertainty,0.154464285714286,0.35
23,0.00427350427350427,know,0.834188034188034,0.55
23,0.00427350427350427,context,0.849145299145299,0.7
23,0.00427350427350427,uncertainty,0.172222222222222,0.4
23,0.00427350427350427,engagement,0.864957264957265,0.9
23,0.00427350427350427,completion,0.876068376068376,0.7
23,0.00427350427350427,clarity,0.867521367521368,0.8
23,0.00427350427350427,impact,0.784188034188035,0.65
23,0.00427350427350427,change,0.717948717948718,0.6
23,0.00427350427350427,signal,0.790598290598291,0.55
23,0.00427350427350427,density,0.63034188034188,0.6
23,0.00427350427350427,do,0.836324786324787,0.4
23,0.00427350427350427,state,0.847863247863248,0.5
23,0.00427350427350427,know,0.886752136752137,0.95
23,0.00427350427350427,do,0.899145299145299,0.95
23,0.00427350427350427,context,0.885897435897436,0.95
23,0.00427350427350427,clarity,0.923504273504274,0.98
23,0.00427350427350427,coherence,0.895726495726496,0.95
23,0.00427350427350427,signal,0.920512820512821,0.98
23,0.00427350427350427,density,0.843162393162393,0.9
23,0.00427350427350427,state,0.894871794871795,0.95
23,0.00427350427350427,change,0.897008547008547,0.95
23,0.00427350427350427,completion,0.788888888888889,0.95
23,0.00427350427350427,impact,0.837179487179488,0.95
23,0.00427350427350427,uncertainty,0.152136752136752,0.1
23,0.00427350427350427,coherence,0.841025641025641,0.85
24,0.00409836065573771,know,0.836885245901639,0.75
24,0.00409836065573771,context,0.851229508196721,0.8
24,0.00409836065573771,uncertainty,0.169262295081967,0.25
24,0.00409836065573771,engagement,0.866393442622951,0.85
24,0.00409836065573771,completion,0.875,0.3
24,0.00409836065573771,clarity,0.868852459016394,0.85
24,0.00409836065573771,impact,0.778688524590164,0.75
24,0.00409836065573771,change,0.721311475409836,0.6
24,0.00409836065573771,do,0.832786885245902,0.75
24,0.00409836065573771,signal,0.791803278688525,0.75
24,0.00409836065573771,density,0.637295081967213,0.7
24,0.00409836065573771,state,0.845901639344263,0.55
24,0.00409836065573771,know,0.889344262295082,0.75
24,0.00409836065573771,do,0.901229508196721,0.85
24,0.00409836065573771,context,0.888524590163935,0.8
24,0.00409836065573771,clarity,0.925819672131148,0.85
24,0.00409836065573771,coherence,0.897950819672131,0.8
24,0.00409836065573771,signal,0.922950819672131,0.85
24,0.00409836065573771,density,0.847540983606558,0.7
24,0.00409836065573771,state,0.898360655737705,0.7
24,0.00409836065573771,change,0.899180327868852,0.8
24,0.00409836065573771,completion,0.79672131147541,0.1
24,0.00409836065573771,impact,0.841803278688525,0.4
24,0.00409836065573771,uncertainty,0.147950819672131,0.4
24,0.00409836065573771,coherence,0.840163934426229,0.75
25,0.00393700787401575,know,0.834645669291339,0.4
25,0.00393700787401575,context,0.85,0.6
25,0.00393700787401575,uncertainty,0.174409448818898,0.55
25,0.00393700787401575,engagement,0.867716535433071,0.85
25,0.00393700787401575,completion,0.864173228346457,0.3
25,0.00393700787401575,impact,0.781496062992126,0.75
25,0.00393700787401575,clarity,0.866141732283465,0.8
25,0.00393700787401575,do,0.831496062992126,0.8
25,0.00393700787401575,change,0.72244094488189,0.6
25,0.00393700787401575,signal,0.794094488188977,0.75
25,0.00393700787401575,density,0.645669291338583,0.7
25,0.00393700787401575,state,0.834251968503937,0.55
25,0.00393700787401575,know,0.889763779527559,0.9
25,0.00393700787401575,do,0.901181102362205,0.9
25,0.00393700787401575,context,0.888976377952756,0.9
25,0.00393700787401575,clarity,0.926771653543307,0.95
25,0.00393700787401575,coherence,0.898031496062992,0.9
25,0.00393700787401575,signal,0.924015748031496,0.95
25,0.00393700787401575,density,0.847637795275591,0.85
25,0.00393700787401575,state,0.900393700787402,0.95
25,0.00393700787401575,change,0.899212598425197,0.9
25,0.00393700787401575,completion,0.800787401574803,0.9
25,0.00393700787401575,impact,0.844094488188977,0.9
25,0.00393700787401575,uncertainty,0.148031496062992,0.15
25,0.00393700787401575,coherence,0.838582677165354,0.7
26,0.00378787878787879,know,0.834090909090909,0.4
26,0.00378787878787879,context,0.85,0.6
26,0.00378787878787879,uncertainty,0.177272727272727,0.55
26,0.00378787878787879,engagement,0.867045454545455,0.9
26,0.00378787878787879,completion,0.857954545454546,0.1
26,0.00378787878787879,impact,0.785984848484849,0.75
26,0.00378787878787879,clarity,0.865530303030303,0.7
26,0.00378787878787879,do,0.831060606060606,0.55
26,0.00378787878787879,change,0.725378787878788,0.6
26,0.00378787878787879,signal,0.798106060606061,0.8
26,0.00378787878787879,density,0.651515151515152,0.65
26,0.00378787878787879,know,0.890151515151515,0.7
26,0.00378787878787879,do,0.903030303030303,0.8
26,0.00378787878787879,context,0.891287878787879,0.75
26,0.00378787878787879,clarity,0.927651515151515,0.8
26,0.00378787878787879,coherence,0.9,0.75
26,0.00378787878787879,signal,0.925,0.8
26,0.00378787878787879,density,0.849621212121212,0.7
26,0.00378787878787879,state,0.902272727272727,0.7
26,0.00378787878787879,change,0.901136363636364,0.75
26,0.00378787878787879,completion,0.806439393939394,0.1
26,0.00378787878787879,impact,0.846212121212122,0.4
26,0.00378787878787879,uncertainty,0.146212121212121,0.4
26,0.00378787878787879,state,0.836742424242425,0.9
26,0.00378787878787879,coherence,0.839015151515152,0.7
27,0.00364963503649635,know,0.834671532846716,0.8
27,0.00364963503649635,context,0.851094890510949,0.82
27,0.00364963503649635,uncertainty,0.177372262773723,0.22
27,0.00364963503649635,engagement,0.866423357664234,0.85
27,0.00364963503649635,completion,0.857664233576643,0.05
27,0.00364963503649635,clarity,0.863138686131387,0.8
27,0.00364963503649635,do,0.831751824817519,0.65
27,0.00364963503649635,impact,0.788321167883212,0.8
27,0.00364963503649635,change,0.731751824817518,0.5
27,0.00364963503649635,signal,0.789051094890511,0.55
27,0.00364963503649635,density,0.649635036496351,0.6
27,0.00364963503649635,know,0.885036496350365,0.4
27,0.00364963503649635,do,0.901094890510949,0.75
27,0.00364963503649635,context,0.887956204379563,0.5
27,0.00364963503649635,clarity,0.926642335766424,0.7
27,0.00364963503649635,coherence,0.898175182481752,0.6
27,0.00364963503649635,signal,0.924087591240876,0.65
27,0.00364963503649635,density,0.844160583941606,0.3
27,0.00364963503649635,state,0.90036496350365,0.2
27,0.00364963503649635,change,0.901094890510949,0.7
27,0.00364963503649635,completion,0.813503649635037,0.0
27,0.00364963503649635,impact,0.846350364963504,0.0
27,0.00364963503649635,uncertainty,0.148175182481752,0.65
27,0.00364963503649635,state,0.837226277372263,0.7
27,0.00364963503649635,coherence,0.839416058394161,0.75
28,0.00352112676056338,know,0.835211267605634,0.75
28,0.00352112676056338,context,0.851056338028169,0.8
28,0.00352112676056338,uncertainty,0.176408450704225,0.3
28,0.00352112676056338,engagement,0.865845070422536,0.85
28,0.00352112676056338,completion,0.862676056338028,0.1
28,0.00352112676056338,clarity,0.862676056338028,0.5
28,0.00352112676056338,do,0.834154929577465,0.7
28,0.00352112676056338,impact,0.791549295774648,0.75
28,0.00352112676056338,change,0.734154929577465,0.4
28,0.00352112676056338,signal,0.78943661971831,0.8
28,0.00352112676056338,know,0.88556338028169,0.4
28,0.00352112676056338,do,0.902816901408451,0.75
28,0.00352112676056338,context,0.88661971830986,0.5
28,0.00352112676056338,clarity,0.927464788732395,0.7
28,0.00352112676056338,coherence,0.898239436619719,0.6
28,0.00352112676056338,signal,0.925,0.65
28,0.00352112676056338,density,0.844366197183099,0.3
28,0.00352112676056338,state,0.900352112676057,0.2
28,0.00352112676056338,change,0.902816901408451,0.7
28,0.00352112676056338,completion,0.820070422535212,0.0
28,0.00352112676056338,impact,0.85,0.0
28,0.00352112676056338,uncertainty,0.146478873239437,0.65
28,0.00352112676056338,density,0.651408450704226,0.45
28,0.00352112676056338,state,0.83943661971831,0.3
28,0.00352112676056338,coherence,0.841549295774648,0.75
29,0.00340136054421769,know,0.837414965986395,0.6
29,0.00340136054421769,context,0.851020408163265,0.55
29,0.00340136054421769,uncertainty,0.175510204081633,0.45
29,0.00340136054421769,engagement,0.867006802721089,0.8
29,0.00340136054421769,completion,0.867346938775511,0.1
29,0.00340136054421769,clarity,0.860544217687075,0.8
29,0.00340136054421769,do,0.838095238095239,0.85
29,0.00340136054421769,impact,0.795238095238096,0.8
29,0.00340136054421769,change,0.726190476190476,0.5
29,0.00340136054421769,signal,0.788095238095239,0.75
29,0.00340136054421769,density,0.654761904761905,0.6
29,0.00340136054421769,state,0.843197278911565,0.2
29,0.00340136054421769,coherence,0.841836734693878,0.85
29,0.00340136054421769,coherence,0.843537414965987,0.9
30,0.00328947368421053,know,0.841118421052632,0.75
30,0.00328947368421053,context,0.852631578947368,0.8
30,0.00328947368421053,uncertainty,0.171381578947368,0.3
30,0.00328947368421053,engagement,0.863157894736843,0.75
30,0.00328947368421053,completion,0.868421052631579,0.1
30,0.00328947368421053,clarity,0.85921052631579,0.82
30,0.00328947368421053,do,0.8375,0.65
30,0.00328947368421053,impact,0.787171052631579,0.55
30,0.00328947368421053,change,0.725328947368421,0.7
30,0.00328947368421053,signal,0.788486842105264,0.65
30,0.00328947368421053,density,0.657894736842106,0.6
30,0.00328947368421053,state,0.845065789473684,0.6
30,0.00328947368421053,coherence,0.84375,0.8
31,0.00318471337579618,know,0.844585987261147,0.6
31,0.00318471337579618,context,0.854140127388535,0.7
31,0.00318471337579618,uncertainty,0.169108280254777,0.4
31,0.00318471337579618,engagement,0.861146496815287,0.85
31,0.00318471337579618,completion,0.863057324840765,0.7
31,0.00318471337579618,clarity,0.85891719745223,0.6
31,0.00318471337579618,do,0.838853503184714,0.65
31,0.00318471337579618,impact,0.790764331210191,0.5
31,0.00318471337579618,change,0.710191082802548,0.25
31,0.00318471337579618,signal,0.788853503184714,0.7
31,0.00318471337579618,density,0.662420382165605,0.7
31,0.00318471337579618,state,0.846815286624204,0.9
31,0.00318471337579618,state,0.848407643312102,0.95
31,0.00318471337579618,coherence,0.842356687898089,0.8
32,0.00308641975308642,know,0.846296296296297,0.6
32,0.00308641975308642,context,0.854012345679012,0.7
32,0.00308641975308642,uncertainty,0.168518518518519,0.4
32,0.00308641975308642,engagement,0.85925925925926,0.9
32,0.00308641975308642,completion,0.858024691358025,0.7
32,0.00308641975308642,clarity,0.858641975308642,0.75
32,0.00308641975308642,do,0.839197530864198,0.75
32,0.00308641975308642,impact,0.794135802469136,0.85
32,0.00308641975308642,change,0.70679012345679,0.2
32,0.00308641975308642,signal,0.790740740740741,0.75
32,0.00308641975308642,density,0.654320987654321,0.4
32,0.00308641975308642,density,0.654320987654321,0.4
32,0.00308641975308642,state,0.846913580246914,0.7
32,0.00308641975308642,coherence,0.842592592592593,0.8
33,0.0029940119760479,know,0.845508982035928,0.85
33,0.0029940119760479,context,0.852395209580838,0.9
33,0.0029940119760479,uncertainty,0.168862275449102,0.15
33,0.0029940119760479,engagement,0.85748502994012,0.85
33,0.0029940119760479,completion,0.860778443113773,0.4
33,0.0029940119760479,clarity,0.859281437125749,0.8
33,0.0029940119760479,do,0.836526946107785,0.75
33,0.0029940119760479,impact,0.795808383233533,0.85
33,0.0029940119760479,change,0.70808383233533,0.65
33,0.0029940119760479,signal,0.791017964071857,0.8
33,0.0029940119760479,signal,0.792514970059881,0.85
33,0.0029940119760479,density,0.657185628742515,0.65
33,0.0029940119760479,state,0.844011976047905,0.75
33,0.0029940119760479,coherence,0.841317365269461,0.7
34,0.00290697674418605,know,0.844186046511628,0.7
34,0.00290697674418605,context,0.852325581395349,0.75
34,0.00290697674418605,uncertainty,0.170348837209302,0.3
34,0.00290697674418605,engagement,0.854360465116279,0.75
34,0.00290697674418605,completion,0.863372093023256,0.1
34,0.00290697674418605,clarity,0.859011627906977,0.7
34,0.00290697674418605,do,0.83546511627907,0.8
34,0.00290697674418605,impact,0.79593023255814,0.7
34,0.00290697674418605,change,0.70203488372093,0.5
34,0.00290697674418605,signal,0.792732558139535,0.7
34,0.00290697674418605,density,0.65843023255814,0.7
34,0.00290697674418605,state,0.842732558139535,0.7
34,0.00290697674418605,coherence,0.84156976744186,0.75
35,0.00282485875706215,know,0.844350282485876,0.75
35,0.00282485875706215,context,0.853672316384181,0.8
35,0.00282485875706215,uncertainty,0.168926553672316,0.2
35,0.00282485875706215,engagement,0.851412429378531,0.75
35,0.00282485875706215,completion,0.865819209039548,0.1
35,0.00282485875706215,clarity,0.858757062146893,0.6
35,0.00282485875706215,impact,0.796045197740113,0.8
35,0.00282485875706215,do,0.831638418079096,0.7
35,0.00282485875706215,change,0.696327683615819,0.3
35,0.00282485875706215,signal,0.791525423728814,0.75
35,0.00282485875706215,density,0.661016949152543,0.6
35,0.00282485875706215,state,0.838700564971752,0.65
35,0.00282485875706215,coherence,0.837570621468926,0.7
36,0.00274725274725275,know,0.844505494505495,0.65
36,0.00274725274725275,context,0.854945054945055,0.7
36,0.00274725274725275,uncertainty,0.168406593406593,0.35
36,0.00274725274725275,engagement,0.851373626373627,0.75
36,0.00274725274725275,clarity,0.85989010989011,0.6
36,0.00274725274725275,completion,0.862637362637363,0.3
36,0.00274725274725275,impact,0.789285714285715,0.55
36,0.00274725274725275,change,0.692307692307692,0.3
36,0.00274725274725275,do,0.832142857142857,0.7
36,0.00274725274725275,signal,0.791758241758242,0.7
36,0.00274725274725275,density,0.662087912087912,0.5
36,0.00274725274725275,state,0.840384615384616,0.6
36,0.00274725274725275,coherence,0.835164835164835,0.55
37,0.00267379679144385,know,0.843315508021391,0.6
37,0.00267379679144385,context,0.853475935828877,0.65
37,0.00267379679144385,uncertainty,0.169251336898396,0.4
37,0.00267379679144385,engagement,0.852673796791444,0.75
37,0.00267379679144385,clarity,0.858288770053476,0.65
37,0.00267379679144385,completion,0.852941176470588,0.5
37,0.00267379679144385,impact,0.788235294117647,0.5
37,0.00267379679144385,change,0.695187165775401,0.5
37,0.00267379679144385,do,0.832620320855615,0.75
37,0.00267379679144385,signal,0.790641711229947,0.6
37,0.00267379679144385,density,0.665775401069519,0.7
37,0.00267379679144385,state,0.836631016042781,0.7
37,0.00267379679144385,coherence,0.835561497326203,0.85
38,0.00260416666666667,know,0.844791666666667,0.6
38,0.00260416666666667,context,0.855989583333333,0.55
38,0.00260416666666667,uncertainty,0.16875,0.5
38,0.00260416666666667,engagement,0.852604166666667,0.85
38,0.00260416666666667,clarity,0.8515625,0.6
38,0.00260416666666667,completion,0.850260416666667,0.4
38,0.00260416666666667,impact,0.78984375,0.7
38,0.00260416666666667,change,0.69921875,0.5
38,0.00260416666666667,do,0.834375,0.8
38,0.00260416666666667,signal,0.792187500000001,0.8
38,0.00260416666666667,density,0.6640625,0.6
38,0.00260416666666667,state,0.835677083333334,0.5
38,0.00260416666666667,coherence,0.837239583333333,0.55
39,0.00253807106598985,know,0.842385786802031,0.55
39,0.00253807106598985,context,0.855837563451776,0.7
39,0.00253807106598985,uncertainty,0.170812182741117,0.45
39,0.00253807106598985,engagement,0.851269035532995,0.85
39,0.00253807106598985,completion,0.851522842639594,0.9
39,0.00253807106598985,clarity,0.850253807106599,0.8
39,0.00253807106598985,impact,0.79010152284264,0.8
39,0.00253807106598985,change,0.699238578680203,0.5
39,0.00253807106598985,do,0.836040609137056,0.7
39,0.00253807106598985,signal,0.788578680203046,0.65
39,0.00253807106598985,density,0.66497461928934,0.45
39,0.00253807106598985,state,0.833502538071066,0.75
39,0.00253807106598985,coherence,0.833756345177665,0.7
40,0.00247524752475247,know,0.841336633663367,0.6
40,0.00247524752475247,context,0.85569306930693,0.75
40,0.00247524752475247,uncertainty,0.172772277227723,0.45
40,0.00247524752475247,engagement,0.850000000000001,0.8
40,0.00247524752475247,completion,0.853960396039604,0.95
40,0.00247524752475247,impact,0.787871287128713,0.7
40,0.00247524752475247,clarity,0.852722772277228,0.9
40,0.00247524752475247,change,0.699257425742574,0.3
40,0.00247524752475247,do,0.836386138613862,0.85
40,0.00247524752475247,do,0.836386138613862,0.85
40,0.00247524752475247,signal,0.788861386138614,0.5
40,0.00247524752475247,density,0.665841584158416,0.7
40,0.00247524752475247,state,0.833910891089109,0.4
41,0.00241545893719807,know,0.842270531400966,0.85
41,0.00241545893719807,context,0.857246376811594,0.9
41,0.00241545893719807,uncertainty,0.172222222222222,0.2
41,0.00241545893719807,engagement,0.849275362318841,0.85
41,0.00241545893719807,completion,0.856280193236715,0.95
41,0.00241545893719807,impact,0.783333333333334,0.6
41,0.00241545893719807,clarity,0.855072463768116,0.9
41,0.00241545893719807,change,0.685990338164251,0.15
41,0.00241545893719807,change,0.684782608695652,0.1
41,0.00241545893719807,do,0.836714975845411,0.8
41,0.00241545893719807,signal,0.78792270531401,0.75
41,0.00241545893719807,density,0.669082125603865,0.45
41,0.00241545893719807,state,0.830676328502416,0.7
42,0.00235849056603774,know,0.842452830188679,0.75
42,0.00235849056603774,context,0.858254716981132,0.85
42,0.00235849056603774,uncertainty,0.171698113207547,0.3
42,0.00235849056603774,engagement,0.849292452830189,0.85
42,0.00235849056603774,completion,0.857311320754717,0.3
42,0.00235849056603774,impact,0.779009433962264,0.6
42,0.00235849056603774,clarity,0.853773584905661,0.75
42,0.00235849056603774,change,0.6875,0.75
42,0.00235849056603774,do,0.835849056603774,0.8
42,0.00235849056603774,signal,0.789386792452831,0.6
42,0.00235849056603774,density,0.66627358490566,0.55
43,0.00230414746543779,know,0.840322580645162,0.6
43,0.00230414746543779,context,0.854608294930875,0.7
43,0.00230414746543779,uncertainty,0.175806451612903,0.45
43,0.00230414746543779,engagement,0.847695852534563,0.78
43,0.00230414746543779,completion,0.857142857142857,0.85
43,0.00230414746543779,impact,0.777188940092166,0.7
43,0.00230414746543779,clarity,0.855990783410139,0.8
43,0.00230414746543779,change,0.678571428571429,0.3
43,0.00230414746543779,do,0.835023041474655,0.75
43,0.00230414746543779,signal,0.785023041474655,0.6
44,0.00225225225225225,know,0.838288288288289,0.4
44,0.00225225225225225,context,0.853378378378378,0.5
44,0.00225225225225225,uncertainty,0.178603603603604,0.6
44,0.00225225225225225,engagement,0.846621621621622,0.85
44,0.00225225225225225,completion,0.858108108108108,0.9
44,0.00225225225225225,impact,0.777702702702703,0.7
44,0.00225225225225225,clarity,0.855855855855856,0.7
44,0.00225225225225225,change,0.679054054054054,0.7
44,0.00225225225225225,do,0.835360360360361,0.7
45,0.00220264317180617,know,0.836343612334802,0.35
45,0.00220264317180617,context,0.852202643171806,0.45
45,0.00220264317180617,uncertainty,0.180176211453744,0.65
45,0.00220264317180617,engagement,0.847797356828194,0.85
45,0.00220264317180617,completion,0.861233480176212,1.0
45,0.00220264317180617,impact,0.77863436123348,0.7
45,0.00220264317180617,clarity,0.8568281938326,0.75
45,0.00220264317180617,change,0.681718061674009,0.3
45,0.00220264317180617,do,0.836784140969163,0.8
46,0.0021551724137931,know,0.837715517241379,0.4
46,0.0021551724137931,context,0.852155172413793,0.5
46,0.0021551724137931,uncertainty,0.179525862068965,0.55
46,0.0021551724137931,engagement,0.848922413793104,0.85
46,0.0021551724137931,completion,0.864224137931035,1.0
46,0.0021551724137931,impact,0.774784482758621,0.6
46,0.0021551724137931,clarity,0.857758620689656,0.8
46,0.0021551724137931,change,0.685344827586207,0.4
46,0.0021551724137931,do,0.833836206896552,0.7
47,0.00210970464135021,know,0.839029535864979,0.4
47,0.00210970464135021,context,0.85210970464135,0.5
47,0.00210970464135021,uncertainty,0.177848101265823,0.55
47,0.00210970464135021,engagement,0.851054852320675,0.9
47,0.00210970464135021,completion,0.867088607594937,1.0
47,0.00210970464135021,impact,0.771097046413502,0.75
47,0.00210970464135021,clarity,0.857594936708861,0.85
47,0.00210970464135021,clarity,0.858649789029536,0.9
47,0.00210970464135021,change,0.679324894514768,0.4
47,0.00210970464135021,do,0.834177215189874,0.45
48,0.00206611570247934,know,0.838223140495868,0.4
48,0.00206611570247934,uncertainty,0.178305785123967,0.55
48,0.00206611570247934,context,0.851446280991735,0.82
48,0.00206611570247934,engagement,0.852479338842976,0.85
48,0.00206611570247934,completion,0.869834710743802,1.0
48,0.00206611570247934,impact,0.769628099173554,0.75
48,0.00206611570247934,clarity,0.858471074380166,0.75
48,0.00206611570247934,change,0.682851239669421,0.3
48,0.00206611570247934,do,0.832438016528926,0.75
49,0.00202429149797571,know,0.837044534412956,0.78
49,0.00202429149797571,uncertainty,0.17914979757085,0.22
49,0.00202429149797571,context,0.851417004048583,0.75
49,0.00202429149797571,engagement,0.853441295546559,0.9
49,0.00202429149797571,completion,0.858299595141701,0.3
49,0.00202429149797571,impact,0.768218623481781,0.75
49,0.00202429149797571,clarity,0.858299595141701,0.85
49,0.00202429149797571,change,0.681174089068826,0.6
49,0.00202429149797571,do,0.832793522267207,0.7
50,0.00198412698412698,know,0.836706349206349,0.7
50,0.00198412698412698,uncertainty,0.179166666666667,0.3
50,0.00198412698412698,context,0.850793650793651,0.82
50,0.00198412698412698,engagement,0.853968253968254,0.9
50,0.00198412698412698,completion,0.858134920634921,0.1
50,0.00198412698412698,impact,0.768849206349206,0.6
50,0.00198412698412698,clarity,0.857142857142857,0.7
50,0.00198412698412698,change,0.683531746031746,0.5
50,0.00198412698412698,do,0.828174603174603,0.6
51,0.00194552529182879,know,0.835603112840467,0.78
51,0.00194552529182879,uncertainty,0.179961089494163,0.22
51,0.00194552529182879,context,0.850778210116731,0.5
51,0.00194552529182879,engagement,0.853891050583658,0.85
51,0.00194552529182879,completion,0.855058365758755,0.7
51,0.00194552529182879,impact,0.769455252918288,0.6
51,0.00194552529182879,clarity,0.856031128404669,0.65
51,0.00194552529182879,change,0.678988326848249,0.45
52,0.00190839694656489,know,0.83530534351145,0.45
52,0.00190839694656489,uncertainty,0.179961832061069,0.55
52,0.00190839694656489,context,0.850190839694656,0.82
52,0.00190839694656489,engagement,0.85381679389313,0.85
52,0.00190839694656489,completion,0.852099236641221,0.7
52,0.00190839694656489,impact,0.769083969465649,0.7
52,0.00190839694656489,clarity,0.856870229007634,0.8
53,0.00187265917602996,know,0.834269662921348,0.78
53,0.00187265917602996,uncertainty,0.1812734082397,0.25
53,0.00187265917602996,context,0.850187265917603,0.85
53,0.00187265917602996,engagement,0.854681647940075,0.85
53,0.00187265917602996,completion,0.844569288389513,0.45
53,0.00187265917602996,impact,0.770599250936329,0.8
53,0.00187265917602996,clarity,0.854868913857678,0.75
54,0.00183823529411765,know,0.834007352941176,0.82
54,0.00183823529411765,uncertainty,0.181617647058823,0.2
54,0.00183823529411765,context,0.850735294117647,0.7
54,0.00183823529411765,engagement,0.855514705882353,0.9
54,0.00183823529411765,completion,0.846507352941176,0.8
54,0.00183823529411765,impact,0.771139705882353,0.8
54,0.00183823529411765,impact,0.772058823529412,0.85
54,0.00183823529411765,clarity,0.853860294117647,0.5
55,0.00180505415162455,know,0.834296028880866,0.65
55,0.00180505415162455,uncertainty,0.18158844765343,0.35
55,0.00180505415162455,context,0.851263537906137,0.8
55,0.00180505415162455,engagement,0.856317689530686,0.9
55,0.00180505415162455,completion,0.843862815884476,0.7
55,0.00180505415162455,impact,0.773465703971119,0.8
55,0.00180505415162455,clarity,0.852888086642599,0.8
56,0.00177304964539007,know,0.834574468085106,0.72
56,0.00177304964539007,uncertainty,0.181560283687943,0.3
56,0.00177304964539007,context,0.845035460992907,0.5
56,0.00177304964539007,engagement,0.857978723404255,0.85
56,0.00177304964539007,completion,0.842198581560283,0.75
56,0.00177304964539007,impact,0.772163120567376,0.7
56,0.00177304964539007,clarity,0.853723404255319,0.5
57,0.00174216027874565,know,0.82787456445993,0.45
57,0.00174216027874565,uncertainty,0.189721254355401,0.65
57,0.00174216027874565,context,0.839024390243902,0.5
57,0.00174216027874565,engagement,0.857839721254355,0.85
57,0.00174216027874565,completion,0.829268292682926,0.1
57,0.00174216027874565,impact,0.773519163763066,0.8
57,0.00174216027874565,clarity,0.850174216027874,0.65
58,0.00171232876712329,know,0.821404109589041,0.45
58,0.00171232876712329,uncertainty,0.197602739726027,0.65
58,0.00171232876712329,context,0.840068493150684,0.8
58,0.00171232876712329,engagement,0.857705479452055,0.85
58,0.00171232876712329,completion,0.817636986301369,0.15
58,0.00171232876712329,impact,0.773116438356164,0.8
59,0.00168350168350168,know,0.822390572390572,0.75
59,0.00168350168350168,uncertainty,0.196801346801347,0.25
59,0.00168350168350168,context,0.84107744107744,0.9
59,0.00168350168350168,engagement,0.857575757575757,0.85
59,0.00168350168350168,completion,0.808080808080808,0.25
59,0.00168350168350168,impact,0.775252525252525,0.85
60,0.00165562913907285,know,0.822847682119205,0.85
60,0.00165562913907285,uncertainty,0.196026490066225,0.15
60,0.00165562913907285,context,0.84205298013245,0.8
60,0.00165562913907285,engagement,0.858278145695364,0.85
60,0.00165562913907285,completion,0.806291390728476,0.7
60,0.00165562913907285,impact,0.774834437086093,0.75
61,0.00162866449511401,know,0.824104234527687,0.75
61,0.00162866449511401,uncertainty,0.194462540716612,0.3
61,0.00162866449511401,context,0.842996742671009,0.75
61,0.00162866449511401,engagement,0.858957654723127,0.95
61,0.00162866449511401,completion,0.805374592833876,0.1
61,0.00162866449511401,impact,0.775244299674267,0.7
62,0.0016025641025641,know,0.825,0.7
62,0.0016025641025641,uncertainty,0.193269230769231,0.25
62,0.0016025641025641,context,0.843589743589743,0.7
62,0.0016025641025641,engagement,0.858814102564102,0.85
62,0.0016025641025641,completion,0.806089743589743,0.1
62,0.0016025641025641,impact,0.775641025641026,0.8
63,0.00157728706624606,know,0.825394321766561,0.55
63,0.00157728706624606,uncertainty,0.192586750788643,0.45
63,0.00157728706624606,context,0.844479495268138,0.6
63,0.00157728706624606,engagement,0.858675078864353,0.9
63,0.00157728706624606,completion,0.798107255520505,0.3
63,0.00157728706624606,impact,0.776813880126183,0.7
64,0.0015527950310559,know,0.825,0.5
64,0.0015527950310559,uncertainty,0.192701863354037,0.5
64,0.0015527950310559,context,0.845652173913043,0.7
64,0.0015527950310559,engagement,0.857763975155279,0.8
64,0.0015527950310559,completion,0.796583850931677,0.7
64,0.0015527950310559,impact,0.77639751552795,0.75
65,0.00152905198776758,know,0.826146788990826,0.55
65,0.00152905198776758,uncertainty,0.191284403669725,0.45
65,0.00152905198776758,context,0.841896024464831,0.6
65,0.00152905198776758,engagement,0.857645259938837,0.85
65,0.00152905198776758,completion,0.795107033639143,0.05
66,0.00150602409638554,know,0.821987951807229,0.55
66,0.00150602409638554,uncertainty,0.195180722891566,0.45
66,0.00150602409638554,context,0.839759036144578,0.7
66,0.00150602409638554,engagement,0.857530120481927,0.85
66,0.00150602409638554,completion,0.795933734939759,0.05
67,0.00148367952522255,know,0.820919881305638,0.6
67,0.00148367952522255,uncertainty,0.195994065281899,0.4
67,0.00148367952522255,context,0.839169139465875,0.8
67,0.00148367952522255,engagement,0.858160237388723,0.9
67,0.00148367952522255,completion,0.79673590504451,0.05
68,0.00146198830409357,know,0.819883040935673,0.75
68,0.00146198830409357,uncertainty,0.198245614035088,0.35
68,0.00146198830409357,context,0.837865497076023,0.7
68,0.00146198830409357,engagement,0.858040935672514,0.85
68,0.00146198830409357,completion,0.799707602339181,0.5
69,0.00144092219020173,know,0.819596541786744,0.65
69,0.00144092219020173,uncertainty,0.198270893371758,0.4
69,0.00144092219020173,context,0.837319884726224,0.7
69,0.00144092219020173,engagement,0.857925072046109,0.85
69,0.00144092219020173,completion,0.798991354466859,0.1
70,0.00142045454545455,know,0.820028409090909,0.65
70,0.00142045454545455,uncertainty,0.197585227272727,0.4
70,0.00142045454545455,context,0.838210227272727,0.9
70,0.00142045454545455,engagement,0.857812499999999,0.85
70,0.00142045454545455,completion,0.801136363636364,0.1
71,0.00140056022408964,know,0.820448179271709,0.85
71,0.00140056022408964,uncertainty,0.196918767507003,0.15
71,0.00140056022408964,context,0.839775910364145,0.5
71,0.00140056022408964,engagement,0.857703081232492,0.9
71,0.00140056022408964,completion,0.803221288515406,0.1
72,0.00138121546961326,know,0.821546961325967,0.45
72,0.00138121546961326,uncertainty,0.195580110497237,0.65
72,0.00138121546961326,context,0.839917127071823,0.8
72,0.00138121546961326,engagement,0.855524861878452,0.7
72,0.00138121546961326,completion,0.804558011049724,0.1
73,0.00136239782016349,know,0.821934604904632,0.75
73,0.00136239782016349,uncertainty,0.194959128065395,0.25
73,0.00136239782016349,context,0.837329700272479,0.65
73,0.00136239782016349,engagement,0.855449591280653,0.7
73,0.00136239782016349,completion,0.806539509536785,0.95
73,0.00136239782016349,completion,0.806539509536785,0.95
74,0.00134408602150538,know,0.818951612903226,0.6
74,0.00134408602150538,uncertainty,0.199059139784946,0.5
74,0.00134408602150538,context,0.836827956989247,0.8
74,0.00134408602150538,engagement,0.855376344086021,0.85
74,0.00134408602150538,completion,0.805107526881721,0.3
75,0.0013262599469496,know,0.818037135278515,0.75
75,0.0013262599469496,uncertainty,0.19973474801061,0.25
75,0.0013262599469496,context,0.837665782493368,0.6
75,0.0013262599469496,engagement,0.855305039787798,0.9
75,0.0013262599469496,completion,0.799071618037135,0.35
76,0.00130890052356021,know,0.818455497382199,0.55
76,0.00130890052356021,uncertainty,0.199738219895288,0.45
76,0.00130890052356021,context,0.837827225130889,0.85
76,0.00130890052356021,engagement,0.8532722513089,0.7
76,0.00130890052356021,completion,0.798429319371728,0.3
77,0.00129198966408269,know,0.818217054263566,0.8
77,0.00129198966408269,uncertainty,0.200387596899225,0.25
77,0.00129198966408269,context,0.838630490956072,0.8
77,0.00129198966408269,engagement,0.852583979328165,0.65
77,0.00129198966408269,completion,0.795865633074936,0.1
78,0.00127551020408163,know,0.818622448979592,0.75
78,0.00127551020408163,uncertainty,0.199744897959184,0.3
78,0.00127551020408163,context,0.836862244897959,0.7
78,0.00127551020408163,engagement,0.853188775510204,0.9
78,0.00127551020408163,completion,0.797831632653061,0.1
79,0.00125944584382872,know,0.816498740554156,0.65
79,0.00125944584382872,uncertainty,0.201007556675063,0.3
79,0.00125944584382872,context,0.837027707808564,0.85
79,0.00125944584382872,engagement,0.853148614609571,0.85
79,0.00125944584382872,completion,0.791561712846348,0.3
80,0.00124378109452736,know,0.816293532338309,0.8
80,0.00124378109452736,uncertainty,0.200995024875622,0.2
80,0.00124378109452736,context,0.837810945273631,0.6
80,0.00124378109452736,engagement,0.853731343283582,0.9
80,0.00124378109452736,completion,0.789179104477612,0.15
81,0.00122850122850123,know,0.816707616707617,0.55
81,0.00122850122850123,uncertainty,0.20036855036855,0.4
81,0.00122850122850123,context,0.838574938574938,0.9
81,0.00122850122850123,engagement,0.853685503685503,0.85
81,0.00122850122850123,completion,0.785626535626536,0.5
82,0.00121359223300971,know,0.817718446601942,0.9
82,0.00121359223300971,uncertainty,0.199150485436893,0.1
82,0.00121359223300971,context,0.839320388349514,0.8
82,0.00121359223300971,engagement,0.853640776699029,0.85
82,0.00121359223300971,completion,0.787621359223301,0.1
83,0.00119904076738609,know,0.818705035971223,0.75
83,0.00119904076738609,uncertainty,0.197961630695444,0.25
83,0.00119904076738609,context,0.840047961630695,0.9
83,0.00119904076738609,engagement,0.854196642685851,0.9
83,0.00119904076738609,completion,0.781774580335732,0.3
84,0.00118483412322275,know,0.819668246445498,0.9
84,0.00118483412322275,uncertainty,0.196800947867299,0.1
84,0.00118483412322275,context,0.840758293838862,0.8
84,0.00118483412322275,engagement,0.855331753554502,0.85
85,0.00117096018735363,know,0.820608899297424,0.75
85,0.00117096018735363,uncertainty,0.195667447306792,0.25
85,0.00117096018735363,context,0.840866510538641,0.8
85,0.00117096018735363,engagement,0.855854800936768,0.85
86,0.00115740740740741,know,0.821527777777778,0.75
86,0.00115740740740741,uncertainty,0.194560185185185,0.25
86,0.00115740740740741,context,0.840972222222221,0.65
86,0.00115740740740741,engagement,0.85636574074074,0.9
87,0.0011441647597254,know,0.822196796338673,0.6
87,0.0011441647597254,uncertainty,0.194050343249428,0.4
87,0.0011441647597254,context,0.840503432494279,0.8
87,0.0011441647597254,engagement,0.856864988558352,0.8
88,0.00113122171945701,know,0.822511312217195,0.75
88,0.00113122171945701,uncertainty,0.193552036199095,0.35
88,0.00113122171945701,context,0.836651583710407,0.5
88,0.00113122171945701,engagement,0.857579185520362,0.8
89,0.00111856823266219,know,0.819463087248322,0.55
89,0.00111856823266219,uncertainty,0.196420581655481,0.45
89,0.00111856823266219,context,0.836800894854585,0.8
89,0.00111856823266219,engagement,0.856375838926174,0.75
90,0.00110619469026549,know,0.819800884955753,0.65
90,0.00110619469026549,uncertainty,0.195907079646018,0.4
90,0.00110619469026549,context,0.836946902654867,0.85
90,0.00110619469026549,engagement,0.855199115044248,0.9
91,0.00109409190371991,know,0.820459518599563,0.45
91,0.00109409190371991,uncertainty,0.19507658643326,0.55
91,0.00109409190371991,context,0.837636761487964,0.7
91,0.00109409190371991,engagement,0.854595185995624,0.9
92,0.00108225108225108,know,0.821103896103896,0.7
92,0.00108225108225108,uncertainty,0.194588744588745,0.3
92,0.00108225108225108,context,0.838852813852813,0.9
92,0.00108225108225108,engagement,0.85508658008658,0.85
93,0.00107066381156317,know,0.821948608137045,0.75
93,0.00107066381156317,uncertainty,0.194111349036403,0.25
93,0.00107066381156317,context,0.838972162740899,0.5
93,0.00107066381156317,engagement,0.853961456102784,0.7
94,0.00105932203389831,know,0.821716101694915,0.8
94,0.00105932203389831,uncertainty,0.194173728813559,0.2
94,0.00105932203389831,context,0.839618644067796,0.9
94,0.00105932203389831,engagement,0.852860169491525,0.8
95,0.00104821802935011,know,0.822012578616352,0.65
95,0.00104821802935011,uncertainty,0.193710691823899,0.3
95,0.00104821802935011,context,0.840775681341718,0.85
95,0.00104821802935011,engagement,0.852830188679245,0.8
96,0.00103734439834025,know,0.822302904564316,0.85
96,0.00103734439834025,uncertainty,0.193257261410788,0.15
96,0.00103734439834025,context,0.840871369294605,0.85
96,0.00103734439834025,engagement,0.852800829875519,0.85
97,0.00102669404517454,know,0.82258726899384,0.5
97,0.00102669404517454,uncertainty,0.192813141683778,0.45
97,0.00102669404517454,context,0.841478439425051,0.75
97,0.00102669404517454,engagement,0.852258726899384,0.85
98,0.00101626016260163,know,0.823373983739838,0.5
98,0.00101626016260163,uncertainty,0.191869918699187,0.45
98,0.00101626016260163,context,0.842073170731707,0.9
98,0.00101626016260163,engagement,0.851219512195122,0.8
99,0.00100603621730382,know,0.824346076458753,0.85
99,0.00100603621730382,uncertainty,0.190744466800805,0.15
99,0.00100603621730382,context,0.842655935613681,0.7
99,0.00100603621730382,engagement,0.851207243460765,0.8
100,0.00099601593625498,know,0.825099601593626,0.4
100,0.00099601593625498,uncertainty,0.189840637450199,0.6
100,0.00099601593625498,context,0.843227091633465,0.9
100,0.00099601593625498,engagement,0.851195219123506,0.8
101,0.000986193293885602,know,0.82534516765286,0.85
101,0.000986193293885602,uncertainty,0.189447731755424,0.15
101,0.000986193293885602,context,0.84378698224852,0.7
101,0.000986193293885602,engagement,0.851183431952663,0.8
102,0.0009765625,know,0.82607421875,0.75
102,0.0009765625,uncertainty,0.18857421875,0.25
102,0.0009765625,context,0.844335937499999,0.9
102,0.0009765625,engagement,0.851171875,0.85
103,0.000967117988394585,know,0.826305609284333,0.85
103,0.000967117988394585,uncertainty,0.188201160541586,0.15
103,0.000967117988394585,context,0.844874274661508,0.8
103,0.000967117988394585,engagement,0.851644100580271,0.9
104,0.000957854406130269,know,0.827011494252874,0.7
104,0.000957854406130269,uncertainty,0.18735632183908,0.2
104,0.000957854406130269,context,0.845402298850574,0.9
104,0.000957854406130269,engagement,0.852107279693487,0.9
104,0.000957854406130269,engagement,0.852586206896552,0.95
105,0.00094876660341556,know,0.827703984819735,0.9
105,0.00094876660341556,uncertainty,0.186527514231499,0.1
105,0.00094876660341556,context,0.84639468690702,0.9
105,0.00094876660341556,engagement,0.85303605313093,0.85
106,0.000939849624060151,know,0.828853383458647,0.6
106,0.000939849624060151,uncertainty,0.185244360902256,0.3
106,0.000939849624060151,context,0.846898496240601,0.9
106,0.000939849624060151,engagement,0.853007518796993,0.85
107,0.000931098696461825,know,0.82951582867784,0.9
107,0.000931098696461825,uncertainty,0.184450651769088,0.1
107,0.000931098696461825,context,0.847579143389199,0.75
107,0.000931098696461825,engagement,0.853445065176909,0.9
108,0.000922509225092251,know,0.830627306273063,0.65
108,0.000922509225092251,uncertainty,0.183210332103321,0.3
108,0.000922509225092251,context,0.846678966789667,0.75
108,0.000922509225092251,engagement,0.853874538745388,0.85
109,0.000914076782449726,know,0.831261425959781,0.9
109,0.000914076782449726,uncertainty,0.182449725776965,0.1
109,0.000914076782449726,context,0.846709323583181,0.7
109,0.000914076782449726,engagement,0.854753199268739,0.95
110,0.000905797101449276,know,0.83233695652174,0.75
110,0.000905797101449276,uncertainty,0.18125,0.2
110,0.000905797101449276,context,0.846739130434782,0.85
110,0.000905797101449276,engagement,0.854710144927537,0.85
111,0.000897666068222622,know,0.833393177737882,0.95
111,0.000897666068222622,uncertainty,0.180071813285458,0.05
111,0.000897666068222622,context,0.847217235188509,0.6
111,0.000897666068222622,engagement,0.855116696588869,0.85
112,0.000889679715302491,know,0.834430604982207,0.9
112,0.000889679715302491,uncertainty,0.178914590747331,0.1
112,0.000889679715302491,context,0.848131672597864,0.85
112,0.000889679715302491,engagement,0.855071174377225,0.85
113,0.000881834215167549,know,0.834567901234568,0.85
113,0.000881834215167549,uncertainty,0.178659611992945,0.15
113,0.000881834215167549,context,0.848589065255731,0.8
113,0.000881834215167549,engagement,0.855467372134039,0.85
114,0.000874125874125874,know,0.834965034965036,0.65
114,0.000874125874125874,uncertainty,0.178146853146853,0.25
114,0.000874125874125874,context,0.849038461538461,0.75
115,0.000866551126516465,know,0.834662045060659,0.8
115,0.000866551126516465,uncertainty,0.17790294627383,0.15
115,0.000866551126516465,context,0.849046793760831,0.85
116,0.000859106529209622,know,0.835223367697595,0.75
116,0.000859106529209622,uncertainty,0.177233676975945,0.2
116,0.000859106529209622,context,0.849054982817869,0.85
117,0.000851788756388416,know,0.834923339011926,0.8
117,0.000851788756388416,uncertainty,0.177427597955707,0.2
117,0.000851788756388416,context,0.849659284497444,0.6
118,0.000844594594594595,know,0.835050675675676,0.45
118,0.000844594594594595,uncertainty,0.177195945945946,0.55
118,0.000844594594594595,context,0.849662162162162,0.75
119,0.000837520938023451,know,0.836013400335009,0.8
119,0.000837520938023451,uncertainty,0.176549413735343,0.2
119,0.000837520938023451,context,0.848827470686767,0.75
119,0.000837520938023451,context,0.84966499162479,0.85
120,0.000830564784053156,know,0.836544850498339,0.75
120,0.000830564784053156,uncertainty,0.176328903654485,0.25
120,0.000830564784053156,context,0.850083056478405,0.8
121,0.000823723228995058,know,0.837067545304778,0.7
121,0.000823723228995058,uncertainty,0.175700164744646,0.3
121,0.000823723228995058,context,0.850906095551894,0.8
122,0.000816993464052288,know,0.836764705882354,0.8
122,0.000816993464052288,uncertainty,0.176307189542484,0.25
122,0.000816993464052288,context,0.850898692810457,0.85
123,0.000810372771474879,know,0.83581847649919,0.72
123,0.000810372771474879,uncertainty,0.177309562398703,0.3
123,0.000810372771474879,context,0.850891410048622,0.9
124,0.000803858520900322,know,0.836173633440515,0.55
124,0.000803858520900322,uncertainty,0.177090032154341,0.45
124,0.000803858520900322,context,0.84967845659164,0.7
125,0.000797448165869219,know,0.836044657097289,0.72
125,0.000797448165869219,uncertainty,0.177113237639553,0.28
125,0.000797448165869219,context,0.847687400318979,0.6
126,0.000791139240506329,know,0.835126582278482,0.72
126,0.000791139240506329,uncertainty,0.178085443037975,0.3
126,0.000791139240506329,know,0.835759493670887,0.8
126,0.000791139240506329,uncertainty,0.177294303797468,0.2
126,0.000791139240506329,context,0.846914556962025,0.75
127,0.000784929356357928,know,0.835871271585558,0.85
127,0.000784929356357928,uncertainty,0.177472527472528,0.2
127,0.000784929356357928,context,0.846546310832025,0.8
128,0.000778816199376947,know,0.836370716510904,0.75
128,0.000778816199376947,uncertainty,0.177258566978193,0.25
128,0.000778816199376947,context,0.846183800623053,0.7
129,0.000772797527047914,know,0.836476043276662,0.75
129,0.000772797527047914,uncertainty,0.177047913446677,0.25
129,0.000772797527047914,context,0.841190108191654,0.2
130,0.000766871165644172,know,0.83696319018405,0.75
130,0.000766871165644172,uncertainty,0.176840490797546,0.25
130,0.000766871165644172,context,0.836273006134969,0.2
131,0.00076103500761035,know,0.837062404870625,0.85
131,0.00076103500761035,uncertainty,0.177016742770167,0.2
131,0.00076103500761035,context,0.834474885844749,0.6
132,0.000755287009063444,know,0.837160120845922,0.85
132,0.000755287009063444,uncertainty,0.177190332326284,0.15
132,0.000755287009063444,context,0.832703927492447,0.6
133,0.000749625187406297,know,0.835007496251875,0.55
133,0.000749625187406297,uncertainty,0.179235382308846,0.45
133,0.000749625187406297,context,0.83095952023988,0.6
134,0.000744047619047619,know,0.832514880952382,0.5
134,0.000744047619047619,uncertainty,0.182738095238095,0.65
134,0.000744047619047619,context,0.829241071428571,0.6
135,0.000738552437223043,know,0.831166912850813,0.65
135,0.000738552437223043,uncertainty,0.184342688330871,0.4
135,0.000738552437223043,context,0.827548005908419,0.6
136,0.000733137829912024,know,0.830571847507332,0.75
136,0.000733137829912024,uncertainty,0.185190615835777,0.3
136,0.000733137829912024,context,0.825879765395894,0.6
137,0.000727802037845706,know,0.829985443959244,0.65
137,0.000727802037845706,uncertainty,0.186026200873362,0.35
137,0.000727802037845706,context,0.824235807860262,0.6
138,0.000722543352601156,know,0.826156069364163,0.3
138,0.000722543352601156,uncertainty,0.189739884393063,0.7
138,0.000722543352601156,context,0.822615606936416,0.6
139,0.000717360114777619,know,0.822381635581062,0.3
139,0.000717360114777619,uncertainty,0.193400286944046,0.7
139,0.000717360114777619,context,0.821018651362984,0.6
140,0.000712250712250713,know,0.822578347578348,0.55
140,0.000712250712250713,uncertainty,0.193447293447293,0.45
140,0.000712250712250713,context,0.819444444444444,0.6
141,0.000707213578500707,know,0.822984441301274,0.55
141,0.000707213578500707,uncertainty,0.193352192362093,0.45
141,0.000707213578500707,context,0.817538896746817,0.55
142,0.000702247191011236,know,0.821418539325843,0.6
142,0.000702247191011236,uncertainty,0.194803370786517,0.4
142,0.000702247191011236,context,0.81566011235955,0.8
143,0.000697350069735007,know,0.819874476987448,0.6
143,0.000697350069735007,uncertainty,0.196234309623431,0.4
143,0.000697350069735007,context,0.813807531380753,0.55
144,0.000692520775623269,know,0.818351800554017,0.6
144,0.000692520775623269,uncertainty,0.197645429362881,0.4
144,0.000692520775623269,context,0.811980609418282,0.55
145,0.000687757909215956,know,0.816850068775792,0.6
145,0.000687757909215956,uncertainty,0.199037138927098,0.4
145,0.000687757909215956,context,0.811554332874828,0.8
146,0.000683060109289618,know,0.815368852459017,0.6
146,0.000683060109289618,uncertainty,0.200409836065574,0.4
146,0.000683060109289618,context,0.811133879781421,0.8
147,0.00067842605156038,know,0.813907734056989,0.6
147,0.00067842605156038,uncertainty,0.201763907734057,0.4
147,0.00067842605156038,context,0.811397557666214,0.8
148,0.000673854447439353,know,0.812466307277629,0.6
148,0.000673854447439353,uncertainty,0.203099730458221,0.4
148,0.000673854447439353,context,0.812129380053908,0.6
149,0.000669344042838019,know,0.811044176706828,0.6
149,0.000669344042838019,uncertainty,0.204417670682731,0.4
149,0.000669344042838019,context,0.812717536813922,0.8
150,0.000664893617021277,know,0.809640957446809,0.6
150,0.000664893617021277,uncertainty,0.205718085106383,0.4
150,0.000664893617021277,context,0.813630319148936,0.85
151,0.000660501981505945,know,0.808256274768825,0.6
151,0.000660501981505945,uncertainty,0.207001321003963,0.4
151,0.000660501981505945,context,0.814531043593131,0.85
152,0.000656167979002625,know,0.808202099737534,0.8
152,0.000656167979002625,uncertainty,0.206955380577428,0.2
152,0.000656167979002625,context,0.814763779527559,0.7
153,0.000651890482398957,know,0.806192959582791,0.5
153,0.000651890482398957,uncertainty,0.208865710560626,0.5
153,0.000651890482398957,context,0.814993481095176,0.85
154,0.000647668393782384,know,0.804209844559586,0.5
154,0.000647668393782384,uncertainty,0.210751295336788,0.5
154,0.000647668393782384,context,0.815544041450777,0.65
155,0.000643500643500644,know,0.803217503217504,0.65
155,0.000643500643500644,uncertainty,0.211969111969112,0.4
155,0.000643500643500644,context,0.815958815958816,0.6
156,0.000639386189258312,know,0.802237851662405,0.75
156,0.000639386189258312,uncertainty,0.213171355498721,0.25
156,0.000639386189258312,context,0.815856777493606,0.8
157,0.000635324015247777,know,0.801270648030497,0.65
157,0.000635324015247777,uncertainty,0.2143583227446,0.4
157,0.000635324015247777,context,0.816391359593393,0.55
158,0.000631313131313132,know,0.800315656565658,0.65
158,0.000631313131313132,uncertainty,0.215530303030303,0.4
158,0.000631313131313132,context,0.816792929292929,0.75
159,0.000627352572145546,know,0.800313676286074,0.75
159,0.000627352572145546,uncertainty,0.21543287327478,0.25
159,0.000627352572145546,context,0.815432873274781,0.6
160,0.000623441396508728,know,0.800311720698255,0.75
160,0.000623441396508728,uncertainty,0.215336658354115,0.25
160,0.000623441396508728,context,0.816271820448878,0.6
161,0.000619578686493185,know,0.800000000000001,0.75
161,0.000619578686493185,uncertainty,0.216171003717472,0.45
161,0.000619578686493185,context,0.815861214374226,0.8
162,0.00061576354679803,know,0.798768472906405,0.55
162,0.00061576354679803,uncertainty,0.216687192118226,0.45
162,0.00061576354679803,context,0.816379310344828,0.7
163,0.000611995104039168,know,0.797858017135864,0.55
163,0.000611995104039168,uncertainty,0.216279069767442,0.25
163,0.000611995104039168,context,0.816279069767442,0.65
164,0.000608272506082725,know,0.797262773722629,0.55
164,0.000608272506082725,uncertainty,0.215693430656934,0.45
164,0.000608272506082725,context,0.816180048661801,0.8
165,0.000604594921402661,know,0.796674727932286,0.55
165,0.000604594921402661,uncertainty,0.215296251511487,0.25
165,0.000604594921402661,context,0.816384522370012,0.65
166,0.000600961538461539,know,0.796995192307693,0.75
166,0.000600961538461539,uncertainty,0.214603365384615,0.25
166,0.000600961538461539,context,0.816887019230769,0.8
167,0.000597371565113501,know,0.797013142174433,0.5
167,0.000597371565113501,uncertainty,0.213799283154122,0.2
167,0.000597371565113501,context,0.817383512544803,0.9
167,0.000597371565113501,context,0.81768219832736,0.95
168,0.000593824228028504,know,0.797505938242281,0.55
168,0.000593824228028504,uncertainty,0.213420427553444,0.25
168,0.000593824228028504,context,0.817577197149644,0.7
169,0.000590318772136954,know,0.797815820543094,0.75
169,0.000590318772136954,uncertainty,0.213341204250295,0.2
169,0.000590318772136954,context,0.817473435655254,0.8
170,0.000586854460093897,know,0.798415492957747,0.75
170,0.000586854460093897,uncertainty,0.212969483568075,0.4
170,0.000586854460093897,context,0.817664319248827,0.65
171,0.000583430571761961,know,0.799124854142358,0.8
171,0.000583430571761961,uncertainty,0.212310385064177,0.35
171,0.000583430571761961,context,0.817852975495916,0.7
172,0.000580046403712297,know,0.799419953596288,0.75
172,0.000580046403712297,uncertainty,0.212529002320185,0.25
172,0.000580046403712297,context,0.818039443155453,0.85
173,0.000576701268742792,know,0.799423298731258,0.8
173,0.000576701268742792,uncertainty,0.21199538638985,0.5
173,0.000576701268742792,context,0.818512110726644,0.85
174,0.000573394495412844,know,0.800000000000001,0.6
174,0.000573394495412844,uncertainty,0.211639908256881,0.3
174,0.000573394495412844,context,0.818405963302753,0.8
175,0.000570125427594071,know,0.800570125427595,0.65
175,0.000570125427594071,uncertainty,0.212713797035348,0.4
175,0.000570125427594071,context,0.817730900798176,0.6
176,0.000566893424036282,know,0.800283446712019,0.75
176,0.000566893424036282,uncertainty,0.212074829931973,0.45
176,0.000566893424036282,context,0.817913832199547,0.85
177,0.00056369785794814,know,0.800732807215333,0.5
177,0.00056369785794814,uncertainty,0.212288613303269,0.3
177,0.00056369785794814,context,0.81837655016911,0.4
178,0.000560538116591929,know,0.801008968609866,0.7
178,0.000560538116591929,uncertainty,0.211939461883408,0.4
178,0.000560538116591929,context,0.817713004484306,0.7
179,0.000557413600891862,know,0.800167224080268,0.65
179,0.000557413600891862,uncertainty,0.211594202898551,0.35
180,0.000554323725055433,know,0.800720620842573,0.55
180,0.000554323725055433,uncertainty,0.211807095343681,0.25
181,0.000551267916207277,know,0.80071664829107,0.75
181,0.000551267916207277,uncertainty,0.211466372657111,0.35
182,0.000548245614035088,know,0.801260964912281,0.65
182,0.000548245614035088,uncertainty,0.211129385964912,0.25
183,0.000545256270447111,know,0.801526717557253,0.7
183,0.000545256270447111,uncertainty,0.210796074154853,0.15
183,0.000545256270447111,uncertainty,0.210523446019629,0.1
184,0.000542299349240781,know,0.801247288503254,0.75
184,0.000542299349240781,uncertainty,0.210195227765727,0.25
185,0.000539374325782093,know,0.801510248112191,0.7
185,0.000539374325782093,uncertainty,0.210409924487594,0.25
186,0.000536480686695279,know,0.802038626609443,0.75
186,0.000536480686695279,uncertainty,0.210622317596566,0.3
187,0.000533617929562434,know,0.802294557097119,0.85
187,0.000533617929562434,know,0.8025613660619,0.9
187,0.000533617929562434,uncertainty,0.211099252934899,0.4
188,0.000530785562632697,know,0.802813163481954,0.75
188,0.000530785562632697,uncertainty,0.211146496815287,0.22
189,0.000527983104540655,know,0.802534318901796,0.75
189,0.000527983104540655,uncertainty,0.210559662090813,0.25
190,0.000525210084033614,know,0.802783613445379,0.7
190,0.000525210084033614,uncertainty,0.210766806722689,0.25
191,0.00052246603970742,know,0.80276907001045,0.6
191,0.00052246603970742,uncertainty,0.210971786833856,0.4
192,0.00051975051975052,know,0.802650727650728,0.78
192,0.00051975051975052,uncertainty,0.211174636174636,0.25
193,0.000517063081695967,know,0.803154084798346,0.75
193,0.000517063081695967,uncertainty,0.210858324715615,0.65
194,0.00051440329218107,know,0.802880658436215,0.75
194,0.00051440329218107,uncertainty,0.211316872427983,0.3
195,0.000511770726714432,know,0.802610030706244,0.55
196,0.000509164969450102,know,0.802596741344196,0.8
197,0.000506585612968592,know,0.803090172239109,0.35
198,0.000504032258064516,know,0.802318548387098,0.65
